time_s,temperature_C,pwm,heat_cool
0.50,21.86,0,0
1.00,21.87,0,0
1.50,21.87,0,0
2.00,21.87,0,0
2.50,21.88,0,0
3.00,21.89,0,0
3.50,21.89,0,0
4.00,21.90,0,0
4.50,21.90,0,0
5.00,21.91,0,0
5.50,21.91,0,0
6.00,21.92,0,0
6.50,21.92,0,0
7.00,21.93,0,0
7.50,21.93,0,0
8.00,21.93,0,0
8.50,21.94,0,0
9.00,21.94,0,0
9.50,21.95,0,0
10.00,21.95,0,0
10.50,21.96,0,0
11.00,21.96,0,0
11.50,21.97,0,0
12.00,21.97,0,0
12.50,21.98,0,0
13.00,21.98,0,0
13.50,21.98,0,0
14.00,21.99,0,0
14.50,21.99,0,0
15.00,21.99,0,0
15.50,21.99,0,0
16.00,22.00,0,0
16.50,22.00,0,0
17.00,22.00,0,0
17.50,22.00,0,0
18.00,22.01,0,0
18.50,22.01,0,0
19.00,22.01,0,0
19.50,22.01,0,0
20.00,22.02,0,0
20.50,22.02,0,0
21.00,22.02,0,0
21.50,22.03,0,0
22.00,22.03,0,0
22.50,22.03,0,0
23.00,22.04,0,0
23.50,22.04,0,0
24.00,22.05,0,0
24.50,22.05,0,0
25.00,22.06,0,1
25.50,22.06,0,1
26.00,22.06,40,1
26.50,22.07,40,1
27.00,22.07,40,1
27.50,22.09,40,1
28.00,22.13,40,1
28.50,22.18,40,1
29.00,22.23,40,1
29.50,22.30,40,1
30.00,22.38,40,1
30.50,22.47,40,1
31.00,22.55,40,1
31.50,22.65,40,1
32.00,22.75,40,1
32.50,22.86,40,1
33.00,22.97,40,1
33.50,23.07,40,1
34.00,23.19,40,1
34.50,23.30,40,1
35.00,23.42,40,1
35.50,23.52,40,1
36.00,23.64,40,1
36.50,23.74,40,1
37.00,23.86,40,1
37.50,23.97,40,1
38.00,24.08,40,1
38.50,24.19,40,1
39.00,24.30,40,1
39.50,24.41,40,1
40.00,24.52,40,1
40.50,24.63,40,1
41.00,24.73,40,1
41.50,24.84,40,1
42.00,24.95,40,1
42.50,25.05,40,1
43.00,25.16,40,1
43.50,25.26,40,1
44.00,25.36,40,1
44.50,25.46,40,1
45.00,25.56,40,1
45.50,25.66,40,1
46.00,25.75,40,1
46.50,25.85,40,1
47.00,25.95,40,1
47.50,26.05,40,1
48.00,26.16,40,1
48.50,26.26,40,1
49.00,26.36,40,1
49.50,26.45,40,1
50.00,26.55,40,1
50.50,26.64,40,1
51.00,26.73,40,1
51.50,26.82,40,1
52.00,26.90,40,1
52.50,26.99,40,1
53.00,27.07,40,1
53.50,27.15,40,1
54.00,27.23,40,1
54.50,27.32,40,1
55.00,27.40,40,1
55.50,27.48,40,1
56.00,27.55,40,1
56.50,27.63,40,1
57.00,27.71,40,1
57.50,27.79,40,1
58.00,27.87,40,1
58.50,27.95,40,1
59.00,28.02,40,1
59.50,28.10,40,1
60.00,28.17,40,1
60.50,28.25,40,1
61.00,28.32,40,1
61.50,28.39,40,1
62.00,28.46,40,1
62.50,28.54,40,1
63.00,28.61,40,1
63.50,28.68,40,1
64.00,28.75,40,1
64.50,28.82,40,1
65.00,28.90,40,1
65.50,28.97,0,0
66.00,29.04,0,0
66.50,29.11,0,0
67.00,29.17,0,0
67.50,29.22,0,0
68.00,29.26,0,0
68.50,29.28,0,0
69.00,29.30,0,0
69.50,29.31,0,0
70.00,29.30,0,0
70.50,29.28,0,0
71.00,29.25,0,0
71.50,29.22,0,0
72.00,29.18,0,0
72.50,29.15,0,0
73.00,29.11,0,0
73.50,29.08,0,0
74.00,29.05,0,0
74.50,29.02,0,0
75.00,28.99,0,0
75.50,28.96,0,0
76.00,28.93,0,0
76.50,28.90,0,0
77.00,28.86,0,0
77.50,28.83,0,0
78.00,28.78,0,0
78.50,28.73,0,0
79.00,28.69,0,0
79.50,28.63,0,0
80.00,28.57,0,0
80.50,28.52,0,0
81.00,28.46,0,0
81.50,28.40,0,0
82.00,28.35,0,0
82.50,28.29,0,0
83.00,28.23,0,0
83.50,28.18,0,0
84.00,28.13,0,0
84.50,28.07,0,0
85.00,28.02,0,0
85.50,27.97,0,0
86.00,27.92,0,0
86.50,27.87,0,0
87.00,27.83,0,0
87.50,27.78,0,0
88.00,27.73,0,0
88.50,27.68,40,0
89.00,27.64,40,0
89.50,27.59,40,0
90.00,27.54,40,0
90.50,27.50,40,0
91.00,27.43,40,0
91.50,27.37,40,0
92.00,27.30,40,0
92.50,27.25,40,0
93.00,27.18,40,0
93.50,27.12,40,0
94.00,27.05,40,0
94.50,26.98,40,0
95.00,26.91,40,0
95.50,26.85,40,0
96.00,26.78,40,0
96.50,26.72,40,0
97.00,26.65,40,0
97.50,26.58,40,0
98.00,26.51,40,0
98.50,26.44,40,0
99.00,26.38,40,0
99.50,26.31,40,0
100.00,26.25,40,0
100.50,26.19,40,0
101.00,26.12,40,0
101.50,26.06,40,0
102.00,26.00,40,0
102.50,25.94,40,0
103.00,25.88,40,0
103.50,25.82,40,0
104.00,25.76,40,0
104.50,25.71,40,0
105.00,25.66,40,0
105.50,25.61,40,0
106.00,25.56,40,0
106.50,25.50,40,0
107.00,25.45,40,0
107.50,25.41,40,0
108.00,25.36,40,0
108.50,25.31,40,0
109.00,25.26,40,0
109.50,25.20,40,0
110.00,25.15,40,0
110.50,25.10,40,0
111.00,25.04,40,0
111.50,24.98,40,0
112.00,24.93,40,0
112.50,24.88,40,0
113.00,24.82,40,0
113.50,24.77,40,0
114.00,24.72,40,0
114.50,24.67,40,0
115.00,24.62,40,0
115.50,24.58,40,0
116.00,24.52,40,0
116.50,24.48,40,0
117.00,24.43,40,0
117.50,24.38,40,0
118.00,24.34,40,0
118.50,24.29,40,0
119.00,24.25,40,0
119.50,24.21,40,0
120.00,24.16,40,0
120.50,24.12,40,0
121.00,24.07,40,0
121.50,24.03,40,0
122.00,23.99,40,0
122.50,23.95,40,0
123.00,23.91,40,0
123.50,23.87,40,0
124.00,23.82,40,0
124.50,23.78,40,0
125.00,23.74,40,0
125.50,23.71,40,0
126.00,23.67,40,0
126.50,23.62,40,0
127.00,23.59,40,0
127.50,23.55,40,0
128.00,23.51,40,0
128.50,23.47,40,0
129.00,23.44,40,0
129.50,23.39,40,0
130.00,23.36,40,0
130.50,23.32,40,0
131.00,23.28,40,0
131.50,23.24,40,0
132.00,23.21,40,0
132.50,23.16,40,0
133.00,23.13,40,0
133.50,23.10,40,0
134.00,23.06,40,0
134.50,23.03,40,0
135.00,22.99,40,0
135.50,22.96,40,0
136.00,22.92,40,0
136.50,22.89,40,0
137.00,22.86,40,0
137.50,22.83,40,0
138.00,22.79,40,0
138.50,22.76,40,0
139.00,22.73,40,0
139.50,22.70,40,0
140.00,22.67,40,0
140.50,22.64,40,0
141.00,22.60,40,0
141.50,22.57,40,0
142.00,22.54,40,0
142.50,22.52,40,0
143.00,22.49,40,0
143.50,22.46,40,0
144.00,22.44,40,0
144.50,22.40,40,0
145.00,22.38,40,0
145.50,22.35,40,0
146.00,22.32,40,0
146.50,22.30,40,0
147.00,22.27,40,0
147.50,22.24,40,0
148.00,22.21,40,0
148.50,22.18,40,0
149.00,22.16,40,0
149.50,22.14,40,0
150.00,22.10,40,0
150.50,22.08,40,0
151.00,22.06,40,0
151.50,22.02,40,0
152.00,22.00,40,0
152.50,21.98,40,0
153.00,21.94,40,0
153.50,21.92,40,0
154.00,21.90,40,0
154.50,21.87,40,0
155.00,21.85,40,0
155.50,21.83,40,0
156.00,21.80,40,0
156.50,21.78,40,0
157.00,21.76,40,0
157.50,21.73,40,0
158.00,21.70,40,0
158.50,21.68,40,0
159.00,21.66,40,0
159.50,21.63,40,0
160.00,21.61,40,0
160.50,21.59,40,0
161.00,21.56,40,0
161.50,21.54,40,0
162.00,21.52,40,0
162.50,21.49,40,0
163.00,21.47,40,0
163.50,21.46,40,0
164.00,21.43,40,0
164.50,21.41,40,0
165.00,21.39,40,0
165.50,21.37,40,0
166.00,21.34,40,0
166.50,21.32,40,0
167.00,21.31,40,0
167.50,21.28,40,0
168.00,21.26,40,0
168.50,21.24,40,0
169.00,21.22,40,0
169.50,21.20,40,0
170.00,21.18,40,0
170.50,21.16,40,0
171.00,21.15,40,0
171.50,21.13,40,0
172.00,21.11,40,0
172.50,21.09,40,0
173.00,21.07,40,0
173.50,21.05,40,0
174.00,21.03,40,0
174.50,21.02,40,0
175.00,21.00,40,0
175.50,20.98,40,0
176.00,20.96,40,0
176.50,20.95,40,0
177.00,20.93,40,0
177.50,20.92,40,0
178.00,20.90,40,0
178.50,20.88,40,0
179.00,20.87,40,0
179.50,20.85,0,0
180.00,20.83,0,0
180.50,20.82,0,0
181.00,20.81,0,0
181.50,20.81,0,0
182.00,20.81,0,0
182.50,20.81,0,0
183.00,20.82,0,0
183.50,20.83,0,0
184.00,20.85,0,0
184.50,20.86,0,0
185.00,20.87,0,0
185.50,20.89,0,0
186.00,20.90,0,0
186.50,20.92,0,0
187.00,20.94,0,0
187.50,20.95,0,0
188.00,20.96,0,0
188.50,20.98,0,0
189.00,21.00,0,0
189.50,21.02,0,0
190.00,21.03,0,0
190.50,21.04,0,0
191.00,21.06,0,0
191.50,21.08,0,0
192.00,21.09,0,0
192.50,21.11,0,0
193.00,21.12,0,0
