time_s,temperature_C,pwm,heat_cool,safety,heat_pwm_firmware,cool_pwm_firmware,limit_C,p_active,setpoint_C,Kp_pwm_per_C,error_C,signed_pwm
0.56,25.38,0,0,OK,0,0,60.00,0,,,,
1.07,25.37,0,0,OK,0,0,60.00,0,,,,
1.57,25.35,0,0,OK,0,0,60.00,0,,,,
2.08,25.34,0,0,OK,0,0,60.00,0,,,,
2.58,25.32,0,0,OK,0,0,60.00,0,,,,
3.09,25.31,0,0,OK,0,0,60.00,0,,,,
3.59,25.30,0,0,OK,0,0,60.00,0,,,,
4.10,25.28,0,0,OK,0,0,60.00,0,,,,
4.60,25.27,0,0,OK,0,0,60.00,0,,,,
5.11,25.26,0,0,OK,0,0,60.00,1,30.0,4.0,4.7400,18.9600
5.61,25.24,19,1,OK,19,0,60.00,1,30.0,4.0,4.7600,19.0400
6.12,25.25,19,1,OK,19,0,60.00,1,30.0,4.0,4.7500,19.0000
6.63,25.27,19,1,OK,19,0,60.00,1,30.0,4.0,4.7300,18.9200
7.13,25.32,19,1,OK,19,0,60.00,1,30.0,4.0,4.6800,18.7200
7.64,25.39,19,1,OK,19,0,60.00,1,30.0,4.0,4.6100,18.4400
8.15,25.45,18,1,OK,18,0,60.00,1,30.0,4.0,4.5500,18.2000
8.65,25.52,18,1,OK,18,0,60.00,1,30.0,4.0,4.4800,17.9200
9.16,25.59,18,1,OK,18,0,60.00,1,30.0,4.0,4.4100,17.6400
9.67,25.66,18,1,OK,18,0,60.00,1,30.0,4.0,4.3400,17.3600
10.18,25.74,17,1,OK,17,0,60.00,1,30.0,4.0,4.2600,17.0400
10.68,25.80,17,1,OK,17,0,60.00,1,30.0,4.0,4.2000,16.8000
11.19,25.86,17,1,OK,17,0,60.00,1,30.0,4.0,4.1400,16.5600
11.70,25.92,17,1,OK,17,0,60.00,1,30.0,4.0,4.0800,16.3200
12.21,25.96,16,1,OK,16,0,60.00,1,30.0,4.0,4.0400,16.1600
12.72,26.02,16,1,OK,16,0,60.00,1,30.0,4.0,3.9800,15.9200
13.23,26.08,16,1,OK,16,0,60.00,1,30.0,4.0,3.9200,15.6800
13.73,26.12,16,1,OK,16,0,60.00,1,30.0,4.0,3.8800,15.5200
14.24,26.16,16,1,OK,16,0,60.00,1,30.0,4.0,3.8400,15.3600
14.75,26.21,15,1,OK,15,0,60.00,1,30.0,4.0,3.7900,15.1600
15.26,26.25,15,1,OK,15,0,60.00,1,30.0,4.0,3.7500,15.0000
15.77,26.29,15,1,OK,15,0,60.00,1,30.0,4.0,3.7100,14.8400
16.27,26.33,15,1,OK,15,0,60.00,1,30.0,4.0,3.6700,14.6800
16.78,26.35,15,1,OK,15,0,60.00,1,30.0,4.0,3.6500,14.6000
17.29,26.40,15,1,OK,15,0,60.00,1,30.0,4.0,3.6000,14.4000
17.80,26.42,14,1,OK,14,0,60.00,1,30.0,4.0,3.5800,14.3200
18.31,26.45,14,1,OK,14,0,60.00,1,30.0,4.0,3.5500,14.2000
18.82,26.47,14,1,OK,14,0,60.00,1,30.0,4.0,3.5300,14.1200
19.32,26.52,14,1,OK,14,0,60.00,1,30.0,4.0,3.4800,13.9200
19.83,26.54,14,1,OK,14,0,60.00,1,30.0,4.0,3.4600,13.8400
20.34,26.56,14,1,OK,14,0,60.00,1,30.0,4.0,3.4400,13.7600
20.85,26.59,14,1,OK,14,0,60.00,1,30.0,4.0,3.4100,13.6400
21.36,26.62,14,1,OK,14,0,60.00,1,30.0,4.0,3.3800,13.5200
21.87,26.64,14,1,OK,14,0,60.00,1,30.0,4.0,3.3600,13.4400
22.37,26.66,13,1,OK,13,0,60.00,1,30.0,4.0,3.3400,13.3600
22.88,26.69,13,1,OK,13,0,60.00,1,30.0,4.0,3.3100,13.2400
23.39,26.71,13,1,OK,13,0,60.00,1,30.0,4.0,3.2900,13.1600
23.90,26.74,13,1,OK,13,0,60.00,1,30.0,4.0,3.2600,13.0400
24.41,26.75,13,1,OK,13,0,60.00,1,30.0,4.0,3.2500,13.0000
24.92,26.77,13,1,OK,13,0,60.00,1,30.0,4.0,3.2300,12.9200
25.42,26.79,13,1,OK,13,0,60.00,1,30.0,4.0,3.2100,12.8400
25.93,26.81,13,1,OK,13,0,60.00,1,30.0,4.0,3.1900,12.7600
26.44,26.83,13,1,OK,13,0,60.00,1,30.0,4.0,3.1700,12.6800
26.95,26.86,13,1,OK,13,0,60.00,1,30.0,4.0,3.1400,12.5600
27.46,26.87,13,1,OK,13,0,60.00,1,30.0,4.0,3.1300,12.5200
27.97,26.89,13,1,OK,13,0,60.00,1,30.0,4.0,3.1100,12.4400
28.47,26.90,12,1,OK,12,0,60.00,1,30.0,4.0,3.1000,12.4000
28.98,26.92,12,1,OK,12,0,60.00,1,30.0,4.0,3.0800,12.3200
29.49,26.94,12,1,OK,12,0,60.00,1,30.0,4.0,3.0600,12.2400
30.00,26.96,12,1,OK,12,0,60.00,1,30.0,4.0,3.0400,12.1600
30.51,26.97,12,1,OK,12,0,60.00,1,30.0,4.0,3.0300,12.1200
31.01,26.98,12,1,OK,12,0,60.00,1,30.0,4.0,3.0200,12.0800
31.52,27.00,12,1,OK,12,0,60.00,1,30.0,4.0,3.0000,12.0000
32.03,27.00,12,1,OK,12,0,60.00,1,30.0,4.0,3.0000,12.0000
32.54,27.02,12,1,OK,12,0,60.00,1,30.0,4.0,2.9800,11.9200
33.05,27.03,12,1,OK,12,0,60.00,1,30.0,4.0,2.9700,11.8800
33.56,27.05,12,1,OK,12,0,60.00,1,30.0,4.0,2.9500,11.8000
34.07,27.06,12,1,OK,12,0,60.00,1,30.0,4.0,2.9400,11.7600
34.57,27.07,12,1,OK,12,0,60.00,1,30.0,4.0,2.9300,11.7200
35.08,27.08,12,1,OK,12,0,60.00,1,30.0,4.0,2.9200,11.6800
35.59,27.09,12,1,OK,12,0,60.00,1,30.0,4.0,2.9100,11.6400
36.10,27.10,12,1,OK,12,0,60.00,1,30.0,4.0,2.9000,11.6000
36.61,27.12,12,1,OK,12,0,60.00,1,30.0,4.0,2.8800,11.5200
37.12,27.14,12,1,OK,12,0,60.00,1,30.0,4.0,2.8600,11.4400
37.62,27.16,11,1,OK,11,0,60.00,1,30.0,4.0,2.8400,11.3600
38.13,27.17,11,1,OK,11,0,60.00,1,30.0,4.0,2.8300,11.3200
38.64,27.18,11,1,OK,11,0,60.00,1,30.0,4.0,2.8200,11.2800
39.15,27.19,11,1,OK,11,0,60.00,1,30.0,4.0,2.8100,11.2400
39.66,27.19,11,1,OK,11,0,60.00,1,30.0,4.0,2.8100,11.2400
40.17,27.20,11,1,OK,11,0,60.00,1,30.0,4.0,2.8000,11.2000
40.67,27.21,11,1,OK,11,0,60.00,1,30.0,4.0,2.7900,11.1600
41.18,27.22,11,1,OK,11,0,60.00,1,30.0,4.0,2.7800,11.1200
41.69,27.23,11,1,OK,11,0,60.00,1,30.0,4.0,2.7700,11.0800
42.20,27.24,11,1,OK,11,0,60.00,1,30.0,4.0,2.7600,11.0400
42.71,27.25,11,1,OK,11,0,60.00,1,30.0,4.0,2.7500,11.0000
43.21,27.25,11,1,OK,11,0,60.00,1,30.0,4.0,2.7500,11.0000
43.72,27.27,11,1,OK,11,0,60.00,1,30.0,4.0,2.7300,10.9200
44.23,27.27,11,1,OK,11,0,60.00,1,30.0,4.0,2.7300,10.9200
44.74,27.28,11,1,OK,11,0,60.00,1,30.0,4.0,2.7200,10.8800
45.25,27.29,11,1,OK,11,0,60.00,1,30.0,4.0,2.7100,10.8400
45.76,27.30,11,1,OK,11,0,60.00,1,30.0,4.0,2.7000,10.8000
46.26,27.31,11,1,OK,11,0,60.00,1,30.0,4.0,2.6900,10.7600
46.77,27.31,11,1,OK,11,0,60.00,1,30.0,4.0,2.6900,10.7600
47.28,27.33,11,1,OK,11,0,60.00,1,30.0,4.0,2.6700,10.6800
47.79,27.34,11,1,OK,11,0,60.00,1,30.0,4.0,2.6600,10.6400
48.30,27.35,11,1,OK,11,0,60.00,1,30.0,4.0,2.6500,10.6000
48.81,27.36,11,1,OK,11,0,60.00,1,30.0,4.0,2.6400,10.5600
49.31,27.37,11,1,OK,11,0,60.00,1,30.0,4.0,2.6300,10.5200
49.82,27.38,11,1,OK,11,0,60.00,1,30.0,4.0,2.6200,10.4800
50.33,27.39,10,1,OK,10,0,60.00,1,30.0,4.0,2.6100,10.4400
50.84,27.40,10,1,OK,10,0,60.00,1,30.0,4.0,2.6000,10.4000
51.35,27.40,10,1,OK,10,0,60.00,1,30.0,4.0,2.6000,10.4000
51.86,27.42,10,1,OK,10,0,60.00,1,30.0,4.0,2.5800,10.3200
52.36,27.42,10,1,OK,10,0,60.00,1,30.0,4.0,2.5800,10.3200
52.87,27.42,10,1,OK,10,0,60.00,1,30.0,4.0,2.5800,10.3200
53.38,27.42,10,1,OK,10,0,60.00,1,30.0,4.0,2.5800,10.3200
53.89,27.43,10,1,OK,10,0,60.00,1,30.0,4.0,2.5700,10.2800
54.40,27.43,10,1,OK,10,0,60.00,1,30.0,4.0,2.5700,10.2800
54.90,27.44,10,1,OK,10,0,60.00,1,30.0,4.0,2.5600,10.2400
55.41,27.45,10,1,OK,10,0,60.00,1,30.0,4.0,2.5500,10.2000
55.92,27.45,10,1,OK,10,0,60.00,1,30.0,4.0,2.5500,10.2000
56.43,27.45,10,1,OK,10,0,60.00,1,30.0,4.0,2.5500,10.2000
56.94,27.46,10,1,OK,10,0,60.00,1,30.0,4.0,2.5400,10.1600
57.45,27.47,10,1,OK,10,0,60.00,1,30.0,4.0,2.5300,10.1200
57.95,27.46,10,1,OK,10,0,60.00,1,30.0,4.0,2.5400,10.1600
58.46,27.48,10,1,OK,10,0,60.00,1,30.0,4.0,2.5200,10.0800
58.97,27.48,10,1,OK,10,0,60.00,1,30.0,4.0,2.5200,10.0800
59.48,27.48,10,1,OK,10,0,60.00,1,30.0,4.0,2.5200,10.0800
59.99,27.48,10,1,OK,10,0,60.00,1,30.0,4.0,2.5200,10.0800
60.50,27.50,10,1,OK,10,0,60.00,1,30.0,4.0,2.5000,10.0000
61.00,27.49,10,1,OK,10,0,60.00,1,30.0,4.0,2.5100,10.0400
61.51,27.50,10,1,OK,10,0,60.00,1,30.0,4.0,2.5000,10.0000
62.02,27.52,10,1,OK,10,0,60.00,1,30.0,4.0,2.4800,9.9200
62.53,27.52,10,1,OK,10,0,60.00,1,30.0,4.0,2.4800,9.9200
63.04,27.52,10,1,OK,10,0,60.00,1,30.0,4.0,2.4800,9.9200
63.54,27.53,10,1,OK,10,0,60.00,1,30.0,4.0,2.4700,9.8800
64.05,27.53,10,1,OK,10,0,60.00,1,30.0,4.0,2.4700,9.8800
64.56,27.54,10,1,OK,10,0,60.00,1,30.0,4.0,2.4600,9.8400
65.07,27.54,10,1,OK,10,0,60.00,1,30.0,4.0,2.4600,9.8400
65.58,27.55,10,1,OK,10,0,60.00,1,30.0,4.0,2.4500,9.8000
66.09,27.56,10,1,OK,10,0,60.00,1,30.0,4.0,2.4400,9.7600
66.59,27.56,10,1,OK,10,0,60.00,1,30.0,4.0,2.4400,9.7600
67.10,27.56,10,1,OK,10,0,60.00,1,30.0,4.0,2.4400,9.7600
67.61,27.57,10,1,OK,10,0,60.00,1,30.0,4.0,2.4300,9.7200
68.12,27.58,10,1,OK,10,0,60.00,1,30.0,4.0,2.4200,9.6800
68.63,27.58,10,1,OK,10,0,60.00,1,30.0,4.0,2.4200,9.6800
69.14,27.60,10,1,OK,10,0,60.00,1,30.0,4.0,2.4000,9.6000
69.64,27.60,10,1,OK,10,0,60.00,1,30.0,4.0,2.4000,9.6000
70.15,27.60,10,1,OK,10,0,60.00,1,30.0,4.0,2.4000,9.6000
70.66,27.60,10,1,OK,10,0,60.00,1,30.0,4.0,2.4000,9.6000
71.17,27.61,10,1,OK,10,0,60.00,1,30.0,4.0,2.3900,9.5600
71.68,27.61,10,1,OK,10,0,60.00,1,30.0,4.0,2.3900,9.5600
72.18,27.62,10,1,OK,10,0,60.00,1,30.0,4.0,2.3800,9.5200
72.69,27.62,10,1,OK,10,0,60.00,1,30.0,4.0,2.3800,9.5200
73.20,27.62,10,1,OK,10,0,60.00,1,30.0,4.0,2.3800,9.5200
73.71,27.63,10,1,OK,10,0,60.00,1,30.0,4.0,2.3700,9.4800
74.22,27.64,9,1,OK,9,0,60.00,1,30.0,4.0,2.3600,9.4400
74.72,27.65,9,1,OK,9,0,60.00,1,30.0,4.0,2.3500,9.4000
75.23,27.64,9,1,OK,9,0,60.00,1,30.0,4.0,2.3600,9.4400
75.74,27.65,9,1,OK,9,0,60.00,1,30.0,4.0,2.3500,9.4000
76.24,27.65,9,1,OK,9,0,60.00,1,30.0,4.0,2.3500,9.4000
76.75,27.64,9,1,OK,9,0,60.00,1,30.0,4.0,2.3600,9.4400
77.25,27.65,9,1,OK,9,0,60.00,1,30.0,4.0,2.3500,9.4000
77.76,27.65,9,1,OK,9,0,60.00,1,30.0,4.0,2.3500,9.4000
78.27,27.66,9,1,OK,9,0,60.00,1,30.0,4.0,2.3400,9.3600
78.77,27.65,9,1,OK,9,0,60.00,1,30.0,4.0,2.3500,9.4000
79.28,27.65,9,1,OK,9,0,60.00,1,30.0,4.0,2.3500,9.4000
79.79,27.65,9,1,OK,9,0,60.00,1,30.0,4.0,2.3500,9.4000
80.29,27.65,9,1,OK,9,0,60.00,1,30.0,4.0,2.3500,9.4000
80.80,27.65,9,1,OK,9,0,60.00,1,30.0,4.0,2.3500,9.4000
81.30,27.66,9,1,OK,9,0,60.00,1,30.0,4.0,2.3400,9.3600
81.81,27.65,9,1,OK,9,0,60.00,1,30.0,4.0,2.3500,9.4000
82.32,27.65,9,1,OK,9,0,60.00,1,30.0,4.0,2.3500,9.4000
82.82,27.65,9,1,OK,9,0,60.00,1,30.0,4.0,2.3500,9.4000
83.33,27.65,9,1,OK,9,0,60.00,1,30.0,4.0,2.3500,9.4000
83.83,27.66,9,1,OK,9,0,60.00,1,30.0,4.0,2.3400,9.3600
84.34,27.65,9,1,OK,9,0,60.00,1,30.0,4.0,2.3500,9.4000
84.85,27.66,9,1,OK,9,0,60.00,1,30.0,4.0,2.3400,9.3600
85.35,27.66,9,1,OK,9,0,60.00,1,30.0,4.0,2.3400,9.3600
85.86,27.66,9,1,OK,9,0,60.00,1,30.0,4.0,2.3400,9.3600
86.37,27.67,9,1,OK,9,0,60.00,1,30.0,4.0,2.3300,9.3200
86.87,27.66,9,1,OK,9,0,60.00,1,30.0,4.0,2.3400,9.3600
87.38,27.66,9,1,OK,9,0,60.00,1,30.0,4.0,2.3400,9.3600
87.88,27.67,9,1,OK,9,0,60.00,1,30.0,4.0,2.3300,9.3200
88.39,27.66,9,1,OK,9,0,60.00,1,30.0,4.0,2.3400,9.3600
88.90,27.67,9,1,OK,9,0,60.00,1,30.0,4.0,2.3300,9.3200
89.40,27.67,9,1,OK,9,0,60.00,1,30.0,4.0,2.3300,9.3200
89.91,27.67,9,1,OK,9,0,60.00,1,30.0,4.0,2.3300,9.3200
90.42,27.67,9,1,OK,9,0,60.00,1,30.0,4.0,2.3300,9.3200
90.92,27.67,9,1,OK,9,0,60.00,1,30.0,4.0,2.3300,9.3200
91.43,27.67,9,1,OK,9,0,60.00,1,30.0,4.0,2.3300,9.3200
91.93,27.67,9,1,OK,9,0,60.00,1,30.0,4.0,2.3300,9.3200
92.44,27.67,9,1,OK,9,0,60.00,1,30.0,4.0,2.3300,9.3200
92.95,27.68,9,1,OK,9,0,60.00,1,30.0,4.0,2.3200,9.2800
93.45,27.67,9,1,OK,9,0,60.00,1,30.0,4.0,2.3300,9.3200
93.96,27.68,9,1,OK,9,0,60.00,1,30.0,4.0,2.3200,9.2800
94.46,27.68,9,1,OK,9,0,60.00,1,30.0,4.0,2.3200,9.2800
94.97,27.68,9,1,OK,9,0,60.00,1,30.0,4.0,2.3200,9.2800
95.48,27.67,9,1,OK,9,0,60.00,1,30.0,4.0,2.3300,9.3200
95.98,27.68,9,1,OK,9,0,60.00,1,30.0,4.0,2.3200,9.2800
96.49,27.68,9,1,OK,9,0,60.00,1,30.0,4.0,2.3200,9.2800
97.00,27.68,9,1,OK,9,0,60.00,1,30.0,4.0,2.3200,9.2800
97.50,27.69,9,1,OK,9,0,60.00,1,30.0,4.0,2.3100,9.2400
98.01,27.69,9,1,OK,9,0,60.00,1,30.0,4.0,2.3100,9.2400
98.51,27.68,9,1,OK,9,0,60.00,1,30.0,4.0,2.3200,9.2800
99.02,27.69,9,1,OK,9,0,60.00,1,30.0,4.0,2.3100,9.2400
99.53,27.69,9,1,OK,9,0,60.00,1,30.0,4.0,2.3100,9.2400
100.03,27.69,9,1,OK,9,0,60.00,1,30.0,4.0,2.3100,9.2400
100.54,27.69,9,1,OK,9,0,60.00,1,30.0,4.0,2.3100,9.2400
101.05,27.69,9,1,OK,9,0,60.00,1,30.0,4.0,2.3100,9.2400
101.55,27.70,9,1,OK,9,0,60.00,1,30.0,4.0,2.3000,9.2000
102.06,27.70,9,1,OK,9,0,60.00,1,30.0,4.0,2.3000,9.2000
102.57,27.70,9,1,OK,9,0,60.00,1,30.0,4.0,2.3000,9.2000
103.08,27.70,9,1,OK,9,0,60.00,1,30.0,4.0,2.3000,9.2000
103.58,27.70,9,1,OK,9,0,60.00,1,30.0,4.0,2.3000,9.2000
104.09,27.70,9,1,OK,9,0,60.00,1,30.0,4.0,2.3000,9.2000
104.60,27.69,9,1,OK,9,0,60.00,1,30.0,4.0,2.3100,9.2400
105.11,27.71,9,1,OK,9,0,60.00,1,30.0,4.0,2.2900,9.1600
105.61,27.70,9,1,OK,9,0,60.00,1,30.0,4.0,2.3000,9.2000
106.12,27.71,9,1,OK,9,0,60.00,1,30.0,4.0,2.2900,9.1600
106.63,27.70,9,1,OK,9,0,60.00,1,30.0,4.0,2.3000,9.2000
107.13,27.71,9,1,OK,9,0,60.00,1,30.0,4.0,2.2900,9.1600
107.64,27.71,9,1,OK,9,0,60.00,1,30.0,4.0,2.2900,9.1600
108.15,27.70,9,1,OK,9,0,60.00,1,30.0,4.0,2.3000,9.2000
108.65,27.70,9,1,OK,9,0,60.00,1,30.0,4.0,2.3000,9.2000
109.16,27.71,9,1,OK,9,0,60.00,1,30.0,4.0,2.2900,9.1600
109.67,27.72,9,1,OK,9,0,60.00,1,30.0,4.0,2.2800,9.1200
110.18,27.71,9,1,OK,9,0,60.00,1,30.0,4.0,2.2900,9.1600
110.68,27.71,9,1,OK,9,0,60.00,1,30.0,4.0,2.2900,9.1600
111.19,27.71,9,1,OK,9,0,60.00,1,30.0,4.0,2.2900,9.1600
111.70,27.71,9,1,OK,9,0,60.00,1,30.0,4.0,2.2900,9.1600
112.20,27.72,9,1,OK,9,0,60.00,1,30.0,4.0,2.2800,9.1200
112.71,27.72,9,1,OK,9,0,60.00,1,30.0,4.0,2.2800,9.1200
113.22,27.72,9,1,OK,9,0,60.00,1,30.0,4.0,2.2800,9.1200
113.73,27.73,9,1,OK,9,0,60.00,1,30.0,4.0,2.2700,9.0800
114.23,27.73,9,1,OK,9,0,60.00,1,30.0,4.0,2.2700,9.0800
114.74,27.73,9,1,OK,9,0,60.00,1,30.0,4.0,2.2700,9.0800
115.25,27.72,9,1,OK,9,0,60.00,1,30.0,4.0,2.2800,9.1200
115.76,27.73,9,1,OK,9,0,60.00,1,30.0,4.0,2.2700,9.0800
116.26,27.73,9,1,OK,9,0,60.00,1,30.0,4.0,2.2700,9.0800
116.77,27.73,9,1,OK,9,0,60.00,1,30.0,4.0,2.2700,9.0800
117.28,27.72,9,1,OK,9,0,60.00,1,30.0,4.0,2.2800,9.1200
117.79,27.73,9,1,OK,9,0,60.00,1,30.0,4.0,2.2700,9.0800
118.29,27.73,9,1,OK,9,0,60.00,1,30.0,4.0,2.2700,9.0800
118.80,27.72,9,1,OK,9,0,60.00,1,30.0,4.0,2.2800,9.1200
119.31,27.73,9,1,OK,9,0,60.00,1,30.0,4.0,2.2700,9.0800
119.81,27.73,9,1,OK,9,0,60.00,1,30.0,4.0,2.2700,9.0800
120.32,27.74,9,1,OK,9,0,60.00,1,30.0,4.0,2.2600,9.0400
120.83,27.73,9,1,OK,9,0,60.00,1,30.0,4.0,2.2700,9.0800
121.33,27.73,9,1,OK,9,0,60.00,1,30.0,4.0,2.2700,9.0800
121.84,27.73,9,1,OK,9,0,60.00,1,30.0,4.0,2.2700,9.0800
122.35,27.73,9,1,OK,9,0,60.00,1,30.0,4.0,2.2700,9.0800
122.86,27.73,9,1,OK,9,0,60.00,1,30.0,4.0,2.2700,9.0800
123.36,27.73,9,1,OK,9,0,60.00,1,30.0,4.0,2.2700,9.0800
123.87,27.73,9,1,OK,9,0,60.00,1,30.0,4.0,2.2700,9.0800
124.38,27.73,9,1,OK,9,0,60.00,1,30.0,4.0,2.2700,9.0800
124.89,27.73,9,1,OK,9,0,60.00,1,30.0,4.0,2.2700,9.0800
125.39,27.73,9,1,OK,9,0,60.00,1,30.0,4.0,2.2700,9.0800
125.90,27.73,9,1,OK,9,0,60.00,1,30.0,4.0,2.2700,9.0800
126.41,27.73,9,1,OK,9,0,60.00,1,30.0,4.0,2.2700,9.0800
126.91,27.73,9,1,OK,9,0,60.00,1,30.0,4.0,2.2700,9.0800
127.42,27.73,9,1,OK,9,0,60.00,1,30.0,4.0,2.2700,9.0800
127.93,27.73,9,1,OK,9,0,60.00,1,30.0,4.0,2.2700,9.0800
128.44,27.73,9,1,OK,9,0,60.00,1,30.0,4.0,2.2700,9.0800
128.94,27.73,9,1,OK,9,0,60.00,1,30.0,4.0,2.2700,9.0800
129.45,27.73,9,1,OK,9,0,60.00,1,30.0,4.0,2.2700,9.0800
129.96,27.73,9,1,OK,9,0,60.00,1,30.0,4.0,2.2700,9.0800
130.47,27.73,9,1,OK,9,0,60.00,1,30.0,4.0,2.2700,9.0800
130.97,27.73,9,1,OK,9,0,60.00,1,30.0,4.0,2.2700,9.0800
131.48,27.73,9,1,OK,9,0,60.00,1,30.0,4.0,2.2700,9.0800
131.99,27.73,9,1,OK,9,0,60.00,1,30.0,4.0,2.2700,9.0800
132.49,27.73,9,1,OK,9,0,60.00,1,30.0,4.0,2.2700,9.0800
133.00,27.73,9,1,OK,9,0,60.00,1,30.0,4.0,2.2700,9.0800
133.51,27.73,9,1,OK,9,0,60.00,1,30.0,4.0,2.2700,9.0800
134.02,27.73,9,1,OK,9,0,60.00,1,30.0,4.0,2.2700,9.0800
134.52,27.73,9,1,OK,9,0,60.00,1,30.0,4.0,2.2700,9.0800
135.03,27.73,9,1,OK,9,0,60.00,1,30.0,4.0,2.2700,9.0800
135.54,27.73,9,1,OK,9,0,60.00,1,30.0,4.0,2.2700,9.0800
136.04,27.73,9,1,OK,9,0,60.00,1,30.0,4.0,2.2700,9.0800
136.55,27.73,9,1,OK,9,0,60.00,1,30.0,4.0,2.2700,9.0800
137.06,27.73,9,1,OK,9,0,60.00,1,30.0,4.0,2.2700,9.0800
137.57,27.73,9,1,OK,9,0,60.00,1,30.0,4.0,2.2700,9.0800
138.07,27.73,9,1,OK,9,0,60.00,1,30.0,4.0,2.2700,9.0800
138.58,27.73,9,1,OK,9,0,60.00,1,30.0,4.0,2.2700,9.0800
139.09,27.73,9,1,OK,9,0,60.00,1,30.0,4.0,2.2700,9.0800
139.59,27.73,9,1,OK,9,0,60.00,1,30.0,4.0,2.2700,9.0800
140.10,27.73,9,1,OK,9,0,60.00,1,30.0,4.0,2.2700,9.0800
140.61,27.73,9,1,OK,9,0,60.00,1,30.0,4.0,2.2700,9.0800
141.12,27.73,9,1,OK,9,0,60.00,1,30.0,4.0,2.2700,9.0800
141.62,27.74,9,1,OK,9,0,60.00,1,30.0,4.0,2.2600,9.0400
142.13,27.74,9,1,OK,9,0,60.00,1,30.0,4.0,2.2600,9.0400
142.64,27.74,9,1,OK,9,0,60.00,1,30.0,4.0,2.2600,9.0400
143.15,27.74,9,1,OK,9,0,60.00,1,30.0,4.0,2.2600,9.0400
143.65,27.73,9,1,OK,9,0,60.00,1,30.0,4.0,2.2700,9.0800
144.16,27.74,9,1,OK,9,0,60.00,1,30.0,4.0,2.2600,9.0400
144.67,27.74,9,1,OK,9,0,60.00,1,30.0,4.0,2.2600,9.0400
145.17,27.73,9,1,OK,9,0,60.00,1,30.0,4.0,2.2700,9.0800
145.68,27.73,9,1,OK,9,0,60.00,1,30.0,4.0,2.2700,9.0800
146.19,27.74,9,1,OK,9,0,60.00,1,30.0,4.0,2.2600,9.0400
146.70,27.74,9,1,OK,9,0,60.00,1,30.0,4.0,2.2600,9.0400
147.20,27.74,9,1,OK,9,0,60.00,1,30.0,4.0,2.2600,9.0400
147.71,27.74,9,1,OK,9,0,60.00,1,30.0,4.0,2.2600,9.0400
148.22,27.73,9,1,OK,9,0,60.00,1,30.0,4.0,2.2700,9.0800
148.72,27.74,9,1,OK,9,0,60.00,1,30.0,4.0,2.2600,9.0400
149.23,27.74,9,1,OK,9,0,60.00,1,30.0,4.0,2.2600,9.0400
149.74,27.74,9,1,OK,9,0,60.00,1,30.0,4.0,2.2600,9.0400
150.25,27.73,9,1,OK,9,0,60.00,1,30.0,4.0,2.2700,9.0800
150.75,27.74,9,1,OK,9,0,60.00,1,30.0,4.0,2.2600,9.0400
151.26,27.73,9,1,OK,9,0,60.00,1,30.0,4.0,2.2700,9.0800
151.77,27.74,9,1,OK,9,0,60.00,1,30.0,4.0,2.2600,9.0400
152.27,27.73,9,1,OK,9,0,60.00,1,30.0,4.0,2.2700,9.0800
152.78,27.74,9,1,OK,9,0,60.00,1,30.0,4.0,2.2600,9.0400
153.29,27.74,9,1,OK,9,0,60.00,1,30.0,4.0,2.2600,9.0400
153.80,27.74,9,1,OK,9,0,60.00,1,30.0,4.0,2.2600,9.0400
154.30,27.73,9,1,OK,9,0,60.00,1,30.0,4.0,2.2700,9.0800
154.81,27.74,9,1,OK,9,0,60.00,1,30.0,4.0,2.2600,9.0400
155.32,27.73,9,1,OK,9,0,60.00,1,30.0,4.0,2.2700,9.0800
155.83,27.74,9,1,OK,9,0,60.00,1,30.0,4.0,2.2600,9.0400
156.33,27.73,9,1,OK,9,0,60.00,1,30.0,4.0,2.2700,9.0800
156.84,27.73,9,1,OK,9,0,60.00,1,30.0,4.0,2.2700,9.0800
157.35,27.73,9,1,OK,9,0,60.00,1,30.0,4.0,2.2700,9.0800
157.85,27.73,9,1,OK,9,0,60.00,1,30.0,4.0,2.2700,9.0800
158.36,27.73,9,1,OK,9,0,60.00,1,30.0,4.0,2.2700,9.0800
158.87,27.74,9,1,OK,9,0,60.00,1,30.0,4.0,2.2600,9.0400
159.38,27.73,9,1,OK,9,0,60.00,1,30.0,4.0,2.2700,9.0800
159.88,27.73,9,1,OK,9,0,60.00,1,30.0,4.0,2.2700,9.0800
160.39,27.73,9,1,OK,9,0,60.00,1,30.0,4.0,2.2700,9.0800
160.90,27.74,9,1,OK,9,0,60.00,1,30.0,4.0,2.2600,9.0400
161.40,27.74,9,1,OK,9,0,60.00,1,30.0,4.0,2.2600,9.0400
161.91,27.74,9,1,OK,9,0,60.00,1,30.0,4.0,2.2600,9.0400
162.42,27.73,9,1,OK,9,0,60.00,1,30.0,4.0,2.2700,9.0800
162.93,27.74,9,1,OK,9,0,60.00,1,30.0,4.0,2.2600,9.0400
163.43,27.74,9,1,OK,9,0,60.00,1,30.0,4.0,2.2600,9.0400
163.94,27.73,9,1,OK,9,0,60.00,1,30.0,4.0,2.2700,9.0800
164.45,27.74,9,1,OK,9,0,60.00,1,30.0,4.0,2.2600,9.0400
164.96,27.74,9,1,OK,9,0,60.00,1,30.0,4.0,2.2600,9.0400
165.46,27.74,9,1,OK,9,0,60.00,1,30.0,4.0,2.2600,9.0400
165.97,27.74,9,1,OK,9,0,60.00,1,30.0,4.0,2.2600,9.0400
166.48,27.74,9,1,OK,9,0,60.00,1,30.0,4.0,2.2600,9.0400
166.98,27.73,9,1,OK,9,0,60.00,1,30.0,4.0,2.2700,9.0800
167.49,27.74,9,1,OK,9,0,60.00,1,30.0,4.0,2.2600,9.0400
168.00,27.74,9,1,OK,9,0,60.00,1,30.0,4.0,2.2600,9.0400
168.51,27.74,9,1,OK,9,0,60.00,1,30.0,4.0,2.2600,9.0400
169.01,27.74,9,1,OK,9,0,60.00,1,30.0,4.0,2.2600,9.0400
169.52,27.74,9,1,OK,9,0,60.00,1,30.0,4.0,2.2600,9.0400
170.03,27.74,9,1,OK,9,0,60.00,1,30.0,4.0,2.2600,9.0400
170.53,27.74,9,1,OK,9,0,60.00,1,30.0,4.0,2.2600,9.0400
171.04,27.75,9,1,OK,9,0,60.00,1,30.0,4.0,2.2500,9.0000
171.55,27.74,9,1,OK,9,0,60.00,1,30.0,4.0,2.2600,9.0400
172.05,27.75,9,1,OK,9,0,60.00,1,30.0,4.0,2.2500,9.0000
172.56,27.74,9,1,OK,9,0,60.00,1,30.0,4.0,2.2600,9.0400
173.07,27.75,9,1,OK,9,0,60.00,1,30.0,4.0,2.2500,9.0000
173.58,27.75,9,1,OK,9,0,60.00,1,30.0,4.0,2.2500,9.0000
174.09,27.75,9,1,OK,9,0,60.00,1,30.0,4.0,2.2500,9.0000
174.59,27.74,9,1,OK,9,0,60.00,1,30.0,4.0,2.2600,9.0400
175.10,27.74,9,1,OK,9,0,60.00,1,30.0,4.0,2.2600,9.0400
175.61,27.74,9,1,OK,9,0,60.00,1,30.0,4.0,2.2600,9.0400
176.11,27.75,9,1,OK,9,0,60.00,1,30.0,4.0,2.2500,9.0000
176.62,27.74,9,1,OK,9,0,60.00,1,30.0,4.0,2.2600,9.0400
177.13,27.75,9,1,OK,9,0,60.00,1,30.0,4.0,2.2500,9.0000
177.63,27.75,9,1,OK,9,0,60.00,1,30.0,4.0,2.2500,9.0000
178.14,27.75,9,1,OK,9,0,60.00,1,30.0,4.0,2.2500,9.0000
178.65,27.74,9,1,OK,9,0,60.00,1,30.0,4.0,2.2600,9.0400
179.16,27.75,9,1,OK,9,0,60.00,1,30.0,4.0,2.2500,9.0000
179.66,27.75,9,1,OK,9,0,60.00,1,30.0,4.0,2.2500,9.0000
180.17,27.74,9,1,OK,9,0,60.00,1,30.0,4.0,2.2600,9.0400
180.68,27.75,9,1,OK,9,0,60.00,1,30.0,4.0,2.2500,9.0000
181.19,27.74,9,1,OK,9,0,60.00,1,30.0,4.0,2.2600,9.0400
181.69,27.75,9,1,OK,9,0,60.00,1,30.0,4.0,2.2500,9.0000
182.20,27.74,9,1,OK,9,0,60.00,1,30.0,4.0,2.2600,9.0400
182.71,27.75,9,1,OK,9,0,60.00,1,30.0,4.0,2.2500,9.0000
183.21,27.75,9,1,OK,9,0,60.00,1,30.0,4.0,2.2500,9.0000
183.72,27.74,9,1,OK,9,0,60.00,1,30.0,4.0,2.2600,9.0400
184.23,27.75,9,1,OK,9,0,60.00,1,30.0,4.0,2.2500,9.0000
184.74,27.74,9,1,OK,9,0,60.00,1,30.0,4.0,2.2600,9.0400
185.24,27.74,9,1,OK,9,0,60.00,1,30.0,4.0,2.2600,9.0400
185.75,27.75,9,1,OK,9,0,60.00,1,30.0,4.0,2.2500,9.0000
186.26,27.74,9,1,OK,9,0,60.00,1,30.0,4.0,2.2600,9.0400
186.76,27.75,9,1,OK,9,0,60.00,1,30.0,4.0,2.2500,9.0000
187.27,27.75,9,1,OK,9,0,60.00,1,30.0,4.0,2.2500,9.0000
187.78,27.74,9,1,OK,9,0,60.00,1,30.0,4.0,2.2600,9.0400
188.29,27.75,9,1,OK,9,0,60.00,1,30.0,4.0,2.2500,9.0000
188.79,27.75,9,1,OK,9,0,60.00,1,30.0,4.0,2.2500,9.0000
189.30,27.75,9,1,OK,9,0,60.00,1,30.0,4.0,2.2500,9.0000
189.81,27.74,9,1,OK,9,0,60.00,1,30.0,4.0,2.2600,9.0400
190.32,27.74,9,1,OK,9,0,60.00,1,30.0,4.0,2.2600,9.0400
190.82,27.75,9,1,OK,9,0,60.00,1,30.0,4.0,2.2500,9.0000
191.33,27.75,9,1,OK,9,0,60.00,1,30.0,4.0,2.2500,9.0000
191.84,27.75,9,1,OK,9,0,60.00,1,30.0,4.0,2.2500,9.0000
192.34,27.75,9,1,OK,9,0,60.00,1,30.0,4.0,2.2500,9.0000
192.85,27.75,9,1,OK,9,0,60.00,1,30.0,4.0,2.2500,9.0000
193.36,27.76,9,1,OK,9,0,60.00,1,30.0,4.0,2.2400,8.9600
193.87,27.75,9,1,OK,9,0,60.00,1,30.0,4.0,2.2500,9.0000
194.37,27.75,9,1,OK,9,0,60.00,1,30.0,4.0,2.2500,9.0000
194.88,27.75,9,1,OK,9,0,60.00,1,30.0,4.0,2.2500,9.0000
195.39,27.75,9,1,OK,9,0,60.00,1,30.0,4.0,2.2500,9.0000
195.89,27.75,9,1,OK,9,0,60.00,1,30.0,4.0,2.2500,9.0000
196.40,27.75,9,1,OK,9,0,60.00,1,30.0,4.0,2.2500,9.0000
196.91,27.75,9,1,OK,9,0,60.00,1,30.0,4.0,2.2500,9.0000
197.41,27.75,9,1,OK,9,0,60.00,1,30.0,4.0,2.2500,9.0000
197.92,27.75,9,1,OK,9,0,60.00,1,30.0,4.0,2.2500,9.0000
198.43,27.75,9,1,OK,9,0,60.00,1,30.0,4.0,2.2500,9.0000
198.94,27.75,9,1,OK,9,0,60.00,1,30.0,4.0,2.2500,9.0000
199.44,27.75,9,1,OK,9,0,60.00,1,30.0,4.0,2.2500,9.0000
199.95,27.74,9,1,OK,9,0,60.00,1,30.0,4.0,2.2600,9.0400
200.46,27.75,9,1,OK,9,0,60.00,1,30.0,4.0,2.2500,9.0000
200.97,27.75,9,1,OK,9,0,60.00,1,30.0,4.0,2.2500,9.0000
201.47,27.74,9,1,OK,9,0,60.00,1,30.0,4.0,2.2600,9.0400
201.98,27.75,9,1,OK,9,0,60.00,1,30.0,4.0,2.2500,9.0000
202.49,27.75,9,1,OK,9,0,60.00,1,30.0,4.0,2.2500,9.0000
203.00,27.75,9,1,OK,9,0,60.00,1,30.0,4.0,2.2500,9.0000
203.50,27.75,9,1,OK,9,0,60.00,1,30.0,4.0,2.2500,9.0000
204.01,27.75,9,1,OK,9,0,60.00,1,30.0,4.0,2.2500,9.0000
204.52,27.75,9,1,OK,9,0,60.00,1,30.0,4.0,2.2500,9.0000
205.02,27.75,9,1,OK,9,0,60.00,1,30.0,4.0,2.2500,9.0000
205.53,27.75,9,1,OK,9,0,60.00,1,30.0,4.0,2.2500,9.0000
206.04,27.75,9,1,OK,9,0,60.00,1,30.0,4.0,2.2500,9.0000
206.55,27.75,9,1,OK,9,0,60.00,1,30.0,4.0,2.2500,9.0000
207.05,27.75,9,1,OK,9,0,60.00,1,30.0,4.0,2.2500,9.0000
207.56,27.75,9,1,OK,9,0,60.00,1,30.0,4.0,2.2500,9.0000
208.07,27.75,9,1,OK,9,0,60.00,1,30.0,4.0,2.2500,9.0000
208.57,27.76,9,1,OK,9,0,60.00,1,30.0,4.0,2.2400,8.9600
209.08,27.76,9,1,OK,9,0,60.00,1,30.0,4.0,2.2400,8.9600
209.59,27.76,9,1,OK,9,0,60.00,1,30.0,4.0,2.2400,8.9600
210.10,27.76,9,1,OK,9,0,60.00,1,30.0,4.0,2.2400,8.9600
210.60,27.76,9,1,OK,9,0,60.00,1,30.0,4.0,2.2400,8.9600
211.11,27.76,9,1,OK,9,0,60.00,1,30.0,4.0,2.2400,8.9600
211.62,27.76,9,1,OK,9,0,60.00,1,30.0,4.0,2.2400,8.9600
212.12,27.76,9,1,OK,9,0,60.00,1,30.0,4.0,2.2400,8.9600
212.63,27.77,9,1,OK,9,0,60.00,1,30.0,4.0,2.2300,8.9200
213.14,27.76,9,1,OK,9,0,60.00,1,30.0,4.0,2.2400,8.9600
213.65,27.76,9,1,OK,9,0,60.00,1,30.0,4.0,2.2400,8.9600
214.15,27.77,9,1,OK,9,0,60.00,1,30.0,4.0,2.2300,8.9200
214.66,27.76,9,1,OK,9,0,60.00,1,30.0,4.0,2.2400,8.9600
215.17,27.76,9,1,OK,9,0,60.00,1,30.0,4.0,2.2400,8.9600
215.68,27.76,9,1,OK,9,0,60.00,1,30.0,4.0,2.2400,8.9600
216.18,27.76,9,1,OK,9,0,60.00,1,30.0,4.0,2.2400,8.9600
216.69,27.77,9,1,OK,9,0,60.00,1,30.0,4.0,2.2300,8.9200
217.20,27.77,9,1,OK,9,0,60.00,1,30.0,4.0,2.2300,8.9200
217.70,27.76,9,1,OK,9,0,60.00,1,30.0,4.0,2.2400,8.9600
218.21,27.76,9,1,OK,9,0,60.00,1,30.0,4.0,2.2400,8.9600
218.72,27.76,9,1,OK,9,0,60.00,1,30.0,4.0,2.2400,8.9600
219.23,27.76,9,1,OK,9,0,60.00,1,30.0,4.0,2.2400,8.9600
219.73,27.77,9,1,OK,9,0,60.00,1,30.0,4.0,2.2300,8.9200
220.24,27.76,9,1,OK,9,0,60.00,1,30.0,4.0,2.2400,8.9600
220.75,27.77,9,1,OK,9,0,60.00,1,30.0,4.0,2.2300,8.9200
221.25,27.77,9,1,OK,9,0,60.00,1,30.0,4.0,2.2300,8.9200
221.76,27.77,9,1,OK,9,0,60.00,1,30.0,4.0,2.2300,8.9200
222.27,27.77,9,1,OK,9,0,60.00,1,30.0,4.0,2.2300,8.9200
222.78,27.76,9,1,OK,9,0,60.00,1,30.0,4.0,2.2400,8.9600
223.28,27.76,9,1,OK,9,0,60.00,1,30.0,4.0,2.2400,8.9600
223.79,27.77,9,1,OK,9,0,60.00,1,30.0,4.0,2.2300,8.9200
224.30,27.77,9,1,OK,9,0,60.00,1,30.0,4.0,2.2300,8.9200
224.80,27.76,9,1,OK,9,0,60.00,1,30.0,4.0,2.2400,8.9600
225.31,27.77,9,1,OK,9,0,60.00,1,30.0,4.0,2.2300,8.9200
225.82,27.77,9,1,OK,9,0,60.00,1,30.0,4.0,2.2300,8.9200
226.33,27.76,9,1,OK,9,0,60.00,1,30.0,4.0,2.2400,8.9600
226.83,27.77,9,1,OK,9,0,60.00,1,30.0,4.0,2.2300,8.9200
227.34,27.76,9,1,OK,9,0,60.00,1,30.0,4.0,2.2400,8.9600
227.85,27.77,9,1,OK,9,0,60.00,1,30.0,4.0,2.2300,8.9200
228.36,27.76,9,1,OK,9,0,60.00,1,30.0,4.0,2.2400,8.9600
228.86,27.77,9,1,OK,9,0,60.00,1,30.0,4.0,2.2300,8.9200
229.37,27.77,9,1,OK,9,0,60.00,1,30.0,4.0,2.2300,8.9200
229.88,27.76,9,1,OK,9,0,60.00,1,30.0,4.0,2.2400,8.9600
230.38,27.77,9,1,OK,9,0,60.00,1,30.0,4.0,2.2300,8.9200
230.89,27.77,9,1,OK,9,0,60.00,1,30.0,4.0,2.2300,8.9200
231.40,27.76,9,1,OK,9,0,60.00,1,30.0,4.0,2.2400,8.9600
231.91,27.76,9,1,OK,9,0,60.00,1,30.0,4.0,2.2400,8.9600
232.41,27.77,9,1,OK,9,0,60.00,1,30.0,4.0,2.2300,8.9200
232.92,27.76,9,1,OK,9,0,60.00,1,30.0,4.0,2.2400,8.9600
233.43,27.77,9,1,OK,9,0,60.00,1,30.0,4.0,2.2300,8.9200
233.93,27.76,9,1,OK,9,0,60.00,1,30.0,4.0,2.2400,8.9600
234.44,27.76,9,1,OK,9,0,60.00,1,30.0,4.0,2.2400,8.9600
234.95,27.77,9,1,OK,9,0,60.00,1,30.0,4.0,2.2300,8.9200
235.46,27.76,9,1,OK,9,0,60.00,1,30.0,4.0,2.2400,8.9600
235.96,27.76,9,1,OK,9,0,60.00,1,30.0,4.0,2.2400,8.9600
236.47,27.77,9,1,OK,9,0,60.00,1,30.0,4.0,2.2300,8.9200
236.98,27.76,9,1,OK,9,0,60.00,1,30.0,4.0,2.2400,8.9600
237.49,27.76,9,1,OK,9,0,60.00,1,30.0,4.0,2.2400,8.9600
237.99,27.76,9,1,OK,9,0,60.00,1,30.0,4.0,2.2400,8.9600
238.50,27.77,9,1,OK,9,0,60.00,1,30.0,4.0,2.2300,8.9200
239.01,27.76,9,1,OK,9,0,60.00,1,30.0,4.0,2.2400,8.9600
239.51,27.76,9,1,OK,9,0,60.00,1,30.0,4.0,2.2400,8.9600
240.02,27.77,9,1,OK,9,0,60.00,1,30.0,4.0,2.2300,8.9200
240.53,27.76,9,1,OK,9,0,60.00,1,30.0,4.0,2.2400,8.9600
241.04,27.77,9,1,OK,9,0,60.00,1,30.0,4.0,2.2300,8.9200
241.54,27.76,9,1,OK,9,0,60.00,1,30.0,4.0,2.2400,8.9600
242.05,27.77,9,1,OK,9,0,60.00,1,30.0,4.0,2.2300,8.9200
242.56,27.76,9,1,OK,9,0,60.00,1,30.0,4.0,2.2400,8.9600
243.06,27.77,9,1,OK,9,0,60.00,1,30.0,4.0,2.2300,8.9200
243.57,27.76,9,1,OK,9,0,60.00,1,30.0,4.0,2.2400,8.9600
244.08,27.76,9,1,OK,9,0,60.00,1,30.0,4.0,2.2400,8.9600
244.59,27.76,9,1,OK,9,0,60.00,1,30.0,4.0,2.2400,8.9600
245.09,27.76,9,1,OK,9,0,60.00,1,30.0,4.0,2.2400,8.9600
245.60,27.76,9,1,OK,9,0,60.00,1,30.0,4.0,2.2400,8.9600
246.11,27.76,9,1,OK,9,0,60.00,1,30.0,4.0,2.2400,8.9600
246.62,27.76,9,1,OK,9,0,60.00,1,30.0,4.0,2.2400,8.9600
247.12,27.77,9,1,OK,9,0,60.00,1,30.0,4.0,2.2300,8.9200
247.63,27.76,9,1,OK,9,0,60.00,1,30.0,4.0,2.2400,8.9600
248.14,27.77,9,1,OK,9,0,60.00,1,30.0,4.0,2.2300,8.9200
248.64,27.76,9,1,OK,9,0,60.00,1,30.0,4.0,2.2400,8.9600
249.15,27.76,9,1,OK,9,0,60.00,1,30.0,4.0,2.2400,8.9600
249.66,27.77,9,1,OK,9,0,60.00,1,30.0,4.0,2.2300,8.9200
250.16,27.76,9,1,OK,9,0,60.00,1,30.0,4.0,2.2400,8.9600
250.67,27.76,9,1,OK,9,0,60.00,1,30.0,4.0,2.2400,8.9600
251.18,27.76,9,1,OK,9,0,60.00,1,30.0,4.0,2.2400,8.9600
251.69,27.76,9,1,OK,9,0,60.00,1,30.0,4.0,2.2400,8.9600
252.19,27.76,9,1,OK,9,0,60.00,1,30.0,4.0,2.2400,8.9600
252.70,27.77,9,1,OK,9,0,60.00,1,30.0,4.0,2.2300,8.9200
253.21,27.76,9,1,OK,9,0,60.00,1,30.0,4.0,2.2400,8.9600
253.72,27.76,9,1,OK,9,0,60.00,1,30.0,4.0,2.2400,8.9600
254.22,27.77,9,1,OK,9,0,60.00,1,30.0,4.0,2.2300,8.9200
254.73,27.76,9,1,OK,9,0,60.00,1,30.0,4.0,2.2400,8.9600
255.24,27.76,9,1,OK,9,0,60.00,1,30.0,4.0,2.2400,8.9600
255.74,27.76,9,1,OK,9,0,60.00,1,30.0,4.0,2.2400,8.9600
256.25,27.75,9,1,OK,9,0,60.00,1,30.0,4.0,2.2500,9.0000
256.76,27.75,9,1,OK,9,0,60.00,1,30.0,4.0,2.2500,9.0000
257.27,27.75,9,1,OK,9,0,60.00,1,30.0,4.0,2.2500,9.0000
257.77,27.75,9,1,OK,9,0,60.00,1,30.0,4.0,2.2500,9.0000
258.28,27.75,9,1,OK,9,0,60.00,1,30.0,4.0,2.2500,9.0000
258.79,27.75,9,1,OK,9,0,60.00,1,30.0,4.0,2.2500,9.0000
259.29,27.75,9,1,OK,9,0,60.00,1,30.0,4.0,2.2500,9.0000
259.80,27.75,9,1,OK,9,0,60.00,1,30.0,4.0,2.2500,9.0000
260.31,27.75,9,1,OK,9,0,60.00,1,30.0,4.0,2.2500,9.0000
260.82,27.74,9,1,OK,9,0,60.00,1,30.0,4.0,2.2600,9.0400
261.32,27.74,9,1,OK,9,0,60.00,1,30.0,4.0,2.2600,9.0400
261.83,27.75,9,1,OK,9,0,60.00,1,30.0,4.0,2.2500,9.0000
262.34,27.75,9,1,OK,9,0,60.00,1,30.0,4.0,2.2500,9.0000
262.85,27.74,9,1,OK,9,0,60.00,1,30.0,4.0,2.2600,9.0400
263.35,27.75,9,1,OK,9,0,60.00,1,30.0,4.0,2.2500,9.0000
263.86,27.74,9,1,OK,9,0,60.00,1,30.0,4.0,2.2600,9.0400
264.37,27.75,9,1,OK,9,0,60.00,1,30.0,4.0,2.2500,9.0000
264.87,27.74,9,1,OK,9,0,60.00,1,30.0,4.0,2.2600,9.0400
265.38,27.74,9,1,OK,9,0,60.00,1,30.0,4.0,2.2600,9.0400
265.89,27.74,9,1,OK,9,0,60.00,1,30.0,4.0,2.2600,9.0400
266.39,27.74,9,1,OK,9,0,60.00,1,30.0,4.0,2.2600,9.0400
266.90,27.73,9,1,OK,9,0,60.00,1,30.0,4.0,2.2700,9.0800
267.41,27.74,9,1,OK,9,0,60.00,1,30.0,4.0,2.2600,9.0400
267.92,27.74,9,1,OK,9,0,60.00,1,30.0,4.0,2.2600,9.0400
268.42,27.74,9,1,OK,9,0,60.00,1,30.0,4.0,2.2600,9.0400
268.93,27.74,9,1,OK,9,0,60.00,1,30.0,4.0,2.2600,9.0400
269.44,27.73,9,1,OK,9,0,60.00,1,30.0,4.0,2.2700,9.0800
269.95,27.74,9,1,OK,9,0,60.00,1,30.0,4.0,2.2600,9.0400
270.45,27.74,9,1,OK,9,0,60.00,1,30.0,4.0,2.2600,9.0400
270.96,27.74,9,1,OK,9,0,60.00,1,30.0,4.0,2.2600,9.0400
271.47,27.74,9,1,OK,9,0,60.00,1,30.0,4.0,2.2600,9.0400
271.97,27.74,9,1,OK,9,0,60.00,1,30.0,4.0,2.2600,9.0400
272.48,27.74,9,1,OK,9,0,60.00,1,30.0,4.0,2.2600,9.0400
272.99,27.74,9,1,OK,9,0,60.00,1,30.0,4.0,2.2600,9.0400
273.50,27.74,9,1,OK,9,0,60.00,1,30.0,4.0,2.2600,9.0400
274.00,27.73,9,1,OK,9,0,60.00,1,30.0,4.0,2.2700,9.0800
274.51,27.74,9,1,OK,9,0,60.00,1,30.0,4.0,2.2600,9.0400
275.02,27.73,9,1,OK,9,0,60.00,1,30.0,4.0,2.2700,9.0800
275.52,27.73,9,1,OK,9,0,60.00,1,30.0,4.0,2.2700,9.0800
276.03,27.74,9,1,OK,9,0,60.00,1,30.0,4.0,2.2600,9.0400
276.54,27.73,9,1,OK,9,0,60.00,1,30.0,4.0,2.2700,9.0800
277.05,27.73,9,1,OK,9,0,60.00,1,30.0,4.0,2.2700,9.0800
277.55,27.73,9,1,OK,9,0,60.00,1,30.0,4.0,2.2700,9.0800
278.06,27.73,9,1,OK,9,0,60.00,1,30.0,4.0,2.2700,9.0800
