time_s,temperature_C,pwm,heat_cool,safety,heat_pwm_firmware,cool_pwm_firmware,limit_C
0.56,23.67,0,0,OK,0,0,60.00
1.07,23.67,0,0,OK,0,0,60.00
1.57,23.67,0,0,OK,0,0,60.00
2.08,23.67,0,0,OK,0,0,60.00
2.58,23.67,0,0,OK,0,0,60.00
3.09,23.63,0,0,OK,0,0,60.00
3.59,23.59,0,0,OK,0,0,60.00
4.09,23.59,0,0,OK,0,0,60.00
4.60,23.59,0,0,OK,0,0,60.00
5.10,23.59,0,0,OK,0,0,60.00
5.61,23.59,0,0,OK,0,0,60.00
6.11,23.60,0,0,OK,0,0,60.00
6.62,23.65,0,0,OK,0,0,60.00
7.12,23.64,0,0,OK,0,0,60.00
7.63,23.60,0,0,OK,0,0,60.00
8.13,23.59,0,0,OK,0,0,60.00
8.64,23.59,0,0,OK,0,0,60.00
9.14,23.59,0,0,OK,0,0,60.00
9.65,23.59,0,0,OK,0,0,60.00
10.15,23.58,0,0,OK,0,0,60.00
10.66,23.58,0,0,OK,0,0,60.00
11.16,23.56,0,0,OK,0,0,60.00
11.67,23.52,0,0,OK,0,0,60.00
12.18,23.51,0,0,OK,0,0,60.00
12.68,23.51,0,0,OK,0,0,60.00
13.19,23.51,0,0,OK,0,0,60.00
13.69,23.47,0,0,OK,0,0,60.00
14.20,23.44,0,0,OK,0,0,60.00
14.70,23.44,0,0,OK,0,0,60.00
15.21,23.44,0,0,OK,0,0,60.00
15.72,23.44,0,0,OK,0,0,60.00
16.22,23.44,0,0,OK,0,0,60.00
16.73,23.44,0,0,OK,0,0,60.00
17.23,23.44,0,0,OK,0,0,60.00
17.74,23.44,0,0,OK,0,0,60.00
18.24,23.40,0,0,OK,0,0,60.00
18.75,23.37,0,0,OK,0,0,60.00
19.26,23.37,0,0,OK,0,0,60.00
19.76,23.36,0,0,OK,0,0,60.00
20.27,23.36,0,0,OK,0,0,60.00
20.77,23.36,0,0,OK,0,0,60.00
21.28,23.36,0,0,OK,0,0,60.00
21.78,23.36,0,0,OK,0,0,60.00
22.29,23.36,0,0,OK,0,0,60.00
22.80,23.36,0,0,OK,0,0,60.00
23.30,23.36,0,0,OK,0,0,60.00
23.81,23.36,0,0,OK,0,0,60.00
24.31,23.36,0,0,OK,0,0,60.00
24.82,23.36,0,0,OK,0,0,60.00
25.32,23.36,0,0,OK,0,0,60.00
25.83,23.36,0,0,OK,0,0,60.00
26.34,23.36,0,0,OK,0,0,60.00
26.84,23.36,0,0,OK,0,0,60.00
27.35,23.36,0,0,OK,0,0,60.00
27.85,23.36,0,0,OK,0,0,60.00
28.36,23.36,0,0,OK,0,0,60.00
28.87,23.36,0,0,OK,0,0,60.00
29.37,23.36,0,0,OK,0,0,60.00
29.88,23.36,0,0,OK,0,0,60.00
30.38,23.35,0,0,OK,0,0,60.00
30.89,23.34,0,0,OK,0,0,60.00
31.39,23.33,0,0,OK,0,0,60.00
31.90,23.32,0,0,OK,0,0,60.00
32.41,23.31,0,0,OK,0,0,60.00
32.91,23.30,0,0,OK,0,0,60.00
33.42,23.29,0,0,OK,0,0,60.00
33.93,23.29,0,0,OK,0,0,60.00
34.43,23.29,0,0,OK,0,0,60.00
34.94,23.29,0,0,OK,0,0,60.00
35.44,23.29,0,0,OK,0,0,60.00
35.95,23.29,0,0,OK,0,0,60.00
36.45,23.31,0,0,OK,0,0,60.00
36.96,23.29,0,0,OK,0,0,60.00
37.47,23.29,0,0,OK,0,0,60.00
37.97,23.29,0,0,OK,0,0,60.00
38.48,23.29,0,0,OK,0,0,60.00
38.98,23.29,0,0,OK,0,0,60.00
39.49,23.29,0,0,OK,0,0,60.00
39.99,23.29,0,0,OK,0,0,60.00
40.50,23.29,0,0,OK,0,0,60.00
41.01,23.29,0,0,OK,0,0,60.00
41.51,23.29,0,0,OK,0,0,60.00
42.02,23.29,0,0,OK,0,0,60.00
42.52,23.30,0,0,OK,0,0,60.00
43.03,23.32,0,0,OK,0,0,60.00
43.53,23.36,0,0,OK,0,0,60.00
44.04,23.36,0,0,OK,0,0,60.00
44.55,23.36,0,0,OK,0,0,60.00
45.05,23.36,0,0,OK,0,0,60.00
45.56,23.36,0,0,OK,0,0,60.00
46.06,23.36,0,0,OK,0,0,60.00
46.57,23.36,0,0,OK,0,0,60.00
47.08,23.36,0,0,OK,0,0,60.00
47.58,23.36,0,0,OK,0,0,60.00
48.09,23.36,0,0,OK,0,0,60.00
48.59,23.36,0,0,OK,0,0,60.00
49.10,23.36,0,0,OK,0,0,60.00
49.60,23.36,0,0,OK,0,0,60.00
50.11,23.35,0,0,OK,0,0,60.00
50.62,23.33,0,0,OK,0,0,60.00
51.12,23.31,0,0,OK,0,0,60.00
51.63,23.30,0,0,OK,0,0,60.00
52.13,23.29,0,0,OK,0,0,60.00
52.64,23.29,0,0,OK,0,0,60.00
53.14,23.29,0,0,OK,0,0,60.00
53.65,23.30,0,0,OK,0,0,60.00
54.16,23.29,0,0,OK,0,0,60.00
54.66,23.29,0,0,OK,0,0,60.00
55.17,23.29,0,0,OK,0,0,60.00
55.67,23.29,0,0,OK,0,0,60.00
56.18,23.29,0,0,OK,0,0,60.00
56.69,23.29,0,0,OK,0,0,60.00
57.19,23.29,0,0,OK,0,0,60.00
57.70,23.29,0,0,OK,0,0,60.00
58.20,23.29,0,0,OK,0,0,60.00
58.71,23.29,0,0,OK,0,0,60.00
59.21,23.29,0,0,OK,0,0,60.00
59.72,23.29,0,0,OK,0,0,60.00
60.22,23.29,0,0,OK,0,0,60.00
60.73,23.29,0,0,OK,0,0,60.00
61.24,23.29,0,0,OK,0,0,60.00
61.74,23.29,0,0,OK,0,0,60.00
62.25,23.29,0,0,OK,0,0,60.00
62.75,23.29,0,0,OK,0,0,60.00
63.26,23.29,0,0,OK,0,0,60.00
63.77,23.29,0,0,OK,0,0,60.00
64.27,23.29,0,0,OK,0,0,60.00
64.78,23.29,0,0,OK,0,0,60.00
65.28,23.29,0,0,OK,0,0,60.00
65.79,23.29,0,0,OK,0,0,60.00
66.29,23.29,0,0,OK,0,0,60.00
66.80,23.29,0,0,OK,0,0,60.00
67.31,23.29,0,0,OK,0,0,60.00
67.81,23.29,0,0,OK,0,0,60.00
68.32,23.29,0,0,OK,0,0,60.00
68.82,23.29,0,0,OK,0,0,60.00
69.33,23.29,0,0,OK,0,0,60.00
69.83,23.29,0,0,OK,0,0,60.00
70.34,23.29,0,0,OK,0,0,60.00
70.85,23.29,0,0,OK,0,0,60.00
71.35,23.29,0,0,OK,0,0,60.00
71.86,23.29,0,0,OK,0,0,60.00
72.36,23.29,0,0,OK,0,0,60.00
72.87,23.29,0,0,OK,0,0,60.00
73.38,23.29,0,0,OK,0,0,60.00
73.88,23.29,0,0,OK,0,0,60.00
74.39,23.29,0,0,OK,0,0,60.00
74.89,23.29,0,0,OK,0,0,60.00
75.40,23.29,0,0,OK,0,0,60.00
75.90,23.29,0,0,OK,0,0,60.00
76.41,23.29,0,0,OK,0,0,60.00
76.92,23.29,0,0,OK,0,0,60.00
77.42,23.29,0,0,OK,0,0,60.00
77.93,23.29,0,0,OK,0,0,60.00
78.43,23.29,0,0,OK,0,0,60.00
78.94,23.29,0,0,OK,0,0,60.00
79.44,23.29,0,0,OK,0,0,60.00
79.95,23.29,0,0,OK,0,0,60.00
80.46,23.29,0,0,OK,0,0,60.00
80.96,23.29,0,0,OK,0,0,60.00
81.47,23.29,0,0,OK,0,0,60.00
81.97,23.29,0,0,OK,0,0,60.00
82.48,23.29,0,0,OK,0,0,60.00
82.98,23.29,0,0,OK,0,0,60.00
83.49,23.29,0,0,OK,0,0,60.00
84.00,23.29,0,0,OK,0,0,60.00
84.50,23.29,0,0,OK,0,0,60.00
85.01,23.29,0,0,OK,0,0,60.00
85.51,23.29,0,0,OK,0,0,60.00
86.02,23.29,0,0,OK,0,0,60.00
86.52,23.29,0,0,OK,0,0,60.00
87.03,23.29,0,0,OK,0,0,60.00
87.54,23.29,0,0,OK,0,0,60.00
88.04,23.29,0,0,OK,0,0,60.00
88.55,23.29,0,0,OK,0,0,60.00
89.05,23.29,0,0,OK,0,0,60.00
89.56,23.29,0,0,OK,0,0,60.00
90.07,23.29,0,0,OK,0,0,60.00
90.57,23.29,0,0,OK,0,0,60.00
91.08,23.29,0,0,OK,0,0,60.00
91.58,23.29,0,0,OK,0,0,60.00
92.09,23.29,0,0,OK,0,0,60.00
92.59,23.28,0,0,OK,0,0,60.00
93.10,23.28,0,0,OK,0,0,60.00
93.61,23.28,0,0,OK,0,0,60.00
94.11,23.28,0,0,OK,0,0,60.00
94.62,23.28,0,0,OK,0,0,60.00
95.12,23.27,0,0,OK,0,0,60.00
95.63,23.27,0,0,OK,0,0,60.00
96.14,23.26,0,0,OK,0,0,60.00
96.64,23.26,0,0,OK,0,0,60.00
97.15,23.25,0,0,OK,0,0,60.00
97.65,23.24,0,0,OK,0,0,60.00
98.16,23.24,0,0,OK,0,0,60.00
98.66,23.23,0,0,OK,0,0,60.00
99.17,23.23,0,0,OK,0,0,60.00
99.68,23.23,0,0,OK,0,0,60.00
100.18,23.23,0,0,OK,0,0,60.00
100.69,23.25,0,0,OK,0,0,60.00
101.19,23.23,0,0,OK,0,0,60.00
101.70,23.24,0,0,OK,0,0,60.00
102.21,23.24,0,0,OK,0,0,60.00
102.72,23.24,0,0,OK,0,0,60.00
103.22,23.24,0,0,OK,0,0,60.00
103.73,23.24,0,0,OK,0,0,60.00
104.24,23.24,0,0,OK,0,0,60.00
104.74,23.24,0,0,OK,0,0,60.00
105.25,23.25,0,0,OK,0,0,60.00
105.76,23.25,0,0,OK,0,0,60.00
106.26,23.25,0,0,OK,0,0,60.00
106.77,23.25,0,0,OK,0,0,60.00
107.28,23.25,0,0,OK,0,0,60.00
107.79,23.25,0,0,OK,0,0,60.00
108.29,23.26,0,0,OK,0,0,60.00
108.80,23.25,0,0,OK,0,0,60.00
109.30,23.26,0,0,OK,0,0,60.00
109.81,23.26,0,0,OK,0,0,60.00
110.32,23.26,0,0,OK,0,0,60.00
110.82,23.26,0,0,OK,0,0,60.00
111.33,23.26,0,0,OK,0,0,60.00
111.84,23.25,0,0,OK,0,0,60.00
112.35,23.25,0,0,OK,0,0,60.00
112.85,23.25,0,0,OK,0,0,60.00
113.36,23.24,0,0,OK,0,0,60.00
113.87,23.24,0,0,OK,0,0,60.00
114.37,23.23,0,0,OK,0,0,60.00
114.88,23.23,0,0,OK,0,0,60.00
115.39,23.22,0,0,OK,0,0,60.00
115.89,23.22,0,0,OK,0,0,60.00
116.40,23.22,0,0,OK,0,0,60.00
116.91,23.22,0,0,OK,0,0,60.00
117.41,23.22,0,0,OK,0,0,60.00
117.92,23.22,0,0,OK,0,0,60.00
118.43,23.22,0,0,OK,0,0,60.00
118.93,23.22,0,0,OK,0,0,60.00
119.44,23.22,0,0,OK,0,0,60.00
119.95,23.22,0,0,OK,0,0,60.00
120.46,23.22,0,0,OK,0,0,60.00
120.96,23.22,0,0,OK,0,0,60.00
121.47,23.22,0,0,OK,0,0,60.00
121.98,23.22,0,0,OK,0,0,60.00
122.48,23.22,0,0,OK,0,0,60.00
122.99,23.21,0,0,OK,0,0,60.00
123.50,23.21,0,0,OK,0,0,60.00
124.00,23.22,0,0,OK,0,0,60.00
124.51,23.22,0,0,OK,0,0,60.00
125.02,23.21,0,0,OK,0,0,60.00
125.52,23.21,0,0,OK,0,0,60.00
126.03,23.21,0,0,OK,0,0,60.00
126.54,23.21,0,0,OK,0,0,60.00
127.04,23.21,0,0,OK,0,0,60.00
127.55,23.21,0,0,OK,0,0,60.00
128.06,23.21,0,0,OK,0,0,60.00
128.57,23.21,0,0,OK,0,0,60.00
129.07,23.21,0,0,OK,0,0,60.00
129.58,23.21,0,0,OK,0,0,60.00
130.09,23.21,0,0,OK,0,0,60.00
130.59,23.21,0,0,OK,0,0,60.00
131.10,23.21,0,0,OK,0,0,60.00
131.61,23.21,0,0,OK,0,0,60.00
132.11,23.21,0,0,OK,0,0,60.00
132.62,23.21,0,0,OK,0,0,60.00
133.13,23.21,0,0,OK,0,0,60.00
133.63,23.21,0,0,OK,0,0,60.00
134.14,23.21,0,0,OK,0,0,60.00
134.65,23.21,0,0,OK,0,0,60.00
135.15,23.21,0,0,OK,0,0,60.00
135.66,23.21,0,0,OK,0,0,60.00
136.17,23.21,0,0,OK,0,0,60.00
136.67,23.21,0,0,OK,0,0,60.00
137.18,23.21,0,0,OK,0,0,60.00
137.69,23.21,0,0,OK,0,0,60.00
138.19,23.21,0,0,OK,0,0,60.00
138.70,23.21,0,0,OK,0,0,60.00
139.21,23.21,0,0,OK,0,0,60.00
139.72,23.21,0,0,OK,0,0,60.00
140.22,23.21,0,0,OK,0,0,60.00
140.73,23.21,0,0,OK,0,0,60.00
141.24,23.21,0,0,OK,0,0,60.00
141.74,23.21,0,0,OK,0,0,60.00
142.25,23.21,0,0,OK,0,0,60.00
142.76,23.21,0,0,OK,0,0,60.00
143.26,23.21,0,0,OK,0,0,60.00
143.77,23.21,0,0,OK,0,0,60.00
144.28,23.21,0,0,OK,0,0,60.00
144.78,23.21,0,0,OK,0,0,60.00
145.29,23.21,0,0,OK,0,0,60.00
145.80,23.21,0,0,OK,0,0,60.00
146.30,23.21,0,0,OK,0,0,60.00
146.81,23.21,0,0,OK,0,0,60.00
147.32,23.21,0,0,OK,0,0,60.00
147.82,23.21,0,0,OK,0,0,60.00
148.33,23.21,0,0,OK,0,0,60.00
148.84,23.21,0,0,OK,0,0,60.00
149.35,23.21,0,0,OK,0,0,60.00
149.85,23.21,0,0,OK,0,0,60.00
150.36,23.21,0,0,OK,0,0,60.00
150.87,23.21,0,0,OK,0,0,60.00
151.37,23.21,0,0,OK,0,0,60.00
151.88,23.21,0,0,OK,0,0,60.00
152.39,23.21,0,0,OK,0,0,60.00
152.89,23.21,0,0,OK,0,0,60.00
153.40,23.21,0,0,OK,0,0,60.00
153.91,23.21,0,0,OK,0,0,60.00
154.41,23.21,0,0,OK,0,0,60.00
154.92,23.21,0,0,OK,0,0,60.00
155.43,23.21,0,0,OK,0,0,60.00
155.93,23.21,0,0,OK,0,0,60.00
156.44,23.21,0,0,OK,0,0,60.00
156.95,23.21,0,0,OK,0,0,60.00
157.45,23.21,0,0,OK,0,0,60.00
157.96,23.21,0,0,OK,0,0,60.00
158.47,23.21,0,0,OK,0,0,60.00
158.97,23.21,0,0,OK,0,0,60.00
159.48,23.22,0,0,OK,0,0,60.00
159.99,23.24,0,0,OK,0,0,60.00
160.50,23.30,0,0,OK,0,0,60.00
161.00,23.36,0,0,OK,0,0,60.00
161.51,23.38,0,0,OK,0,0,60.00
162.02,23.44,0,0,OK,0,0,60.00
162.52,23.44,0,0,OK,0,0,60.00
163.03,23.51,0,0,OK,0,0,60.00
163.54,23.55,0,0,OK,0,0,60.00
164.04,23.59,0,0,OK,0,0,60.00
164.55,23.64,0,0,OK,0,0,60.00
165.06,23.67,0,0,OK,0,0,60.00
165.56,23.74,0,0,OK,0,0,60.00
166.07,23.75,0,0,OK,0,0,60.00
166.58,23.82,0,0,OK,0,0,60.00
167.09,23.83,0,0,OK,0,0,60.00
167.59,23.83,0,0,OK,0,0,60.00
168.10,23.84,0,0,OK,0,0,60.00
168.61,23.75,0,0,OK,0,0,60.00
169.11,23.52,0,0,OK,0,0,60.00
169.62,23.42,0,0,OK,0,0,60.00
170.13,23.36,0,0,OK,0,0,60.00
170.63,23.36,0,0,OK,0,0,60.00
171.14,23.37,0,0,OK,0,0,60.00
171.65,23.37,0,0,OK,0,0,60.00
172.15,23.36,0,0,OK,0,0,60.00
172.66,23.37,0,0,OK,0,0,60.00
173.17,23.37,0,0,OK,0,0,60.00
173.67,23.36,0,0,OK,0,0,60.00
174.18,23.36,0,0,OK,0,0,60.00
174.69,23.37,0,0,OK,0,0,60.00
175.19,23.42,0,0,OK,0,0,60.00
175.70,23.43,0,0,OK,0,0,60.00
176.21,23.44,0,0,OK,0,0,60.00
176.71,23.51,0,0,OK,0,0,60.00
177.22,23.52,0,0,OK,0,0,60.00
177.73,23.53,0,0,OK,0,0,60.00
178.24,23.58,0,0,OK,0,0,60.00
178.74,23.59,0,0,OK,0,0,60.00
179.25,23.59,0,0,OK,0,0,60.00
179.76,23.61,0,0,OK,0,0,60.00
180.26,23.63,0,0,OK,0,0,60.00
180.77,23.65,0,0,OK,0,0,60.00
181.27,23.03,0,0,OK,0,0,60.00
181.78,23.70,0,0,OK,0,0,60.00
182.29,23.73,0,0,OK,0,0,60.00
182.80,23.74,0,0,OK,0,0,60.00
183.30,23.74,0,0,OK,0,0,60.00
183.81,23.74,0,0,OK,0,0,60.00
184.32,23.73,0,0,OK,0,0,60.00
184.82,23.69,0,0,OK,0,0,60.00
185.33,23.67,0,0,OK,0,0,60.00
185.84,23.67,0,0,OK,0,0,60.00
186.34,23.66,0,0,OK,0,0,60.00
186.85,23.70,0,0,OK,0,0,60.00
187.36,23.72,0,0,OK,0,0,60.00
187.87,23.72,0,0,OK,0,0,60.00
188.37,23.72,0,0,OK,0,0,60.00
188.88,23.67,0,0,OK,0,0,60.00
189.38,23.62,0,0,OK,0,0,60.00
189.89,23.54,0,0,OK,0,0,60.00
190.40,23.47,0,0,OK,0,0,60.00
190.91,23.43,0,0,OK,0,0,60.00
191.41,23.37,0,0,OK,0,0,60.00
191.92,23.31,0,0,OK,0,0,60.00
192.43,23.30,0,0,OK,0,0,60.00
192.93,23.29,0,0,OK,0,0,60.00
193.44,23.29,0,0,OK,0,0,60.00
193.95,23.29,0,0,OK,0,0,60.00
194.45,23.29,0,0,OK,0,0,60.00
194.96,23.29,0,0,OK,0,0,60.00
195.47,23.29,0,0,OK,0,0,60.00
195.97,23.29,0,0,OK,0,0,60.00
196.48,23.29,0,0,OK,0,0,60.00
196.99,23.29,0,0,OK,0,0,60.00
197.49,23.29,0,0,OK,0,0,60.00
198.00,23.29,0,0,OK,0,0,60.00
198.51,23.29,0,0,OK,0,0,60.00
199.02,23.29,0,0,OK,0,0,60.00
199.52,23.29,0,0,OK,0,0,60.00
200.03,23.29,0,0,OK,0,0,60.00
200.54,23.29,0,0,OK,0,0,60.00
201.04,23.29,0,0,OK,0,0,60.00
201.55,23.29,0,0,OK,0,0,60.00
202.06,23.29,0,0,OK,0,0,60.00
202.56,23.29,0,0,OK,0,0,60.00
203.07,23.29,0,0,OK,0,0,60.00
203.58,23.29,0,0,OK,0,0,60.00
204.08,23.29,0,0,OK,0,0,60.00
204.59,23.29,0,0,OK,0,0,60.00
205.10,23.29,0,0,OK,0,0,60.00
205.60,23.29,0,0,OK,0,0,60.00
206.11,23.29,0,0,OK,0,0,60.00
206.62,23.29,0,0,OK,0,0,60.00
207.13,23.29,0,0,OK,0,0,60.00
207.63,23.29,0,0,OK,0,0,60.00
208.14,23.29,0,0,OK,0,0,60.00
208.65,23.29,0,0,OK,0,0,60.00
209.15,23.29,0,0,OK,0,0,60.00
209.66,23.29,0,0,OK,0,0,60.00
210.17,23.29,0,0,OK,0,0,60.00
210.67,23.29,0,0,OK,0,0,60.00
211.18,23.29,0,0,OK,0,0,60.00
211.69,23.28,0,0,OK,0,0,60.00
212.19,23.27,0,0,OK,0,0,60.00
212.70,23.28,0,0,OK,0,0,60.00
213.21,23.27,0,0,OK,0,0,60.00
213.71,23.28,0,0,OK,0,0,60.00
214.22,23.28,0,0,OK,0,0,60.00
214.73,23.28,0,0,OK,0,0,60.00
215.23,23.28,0,0,OK,0,0,60.00
215.74,23.27,0,0,OK,0,0,60.00
216.25,23.24,0,0,OK,0,0,60.00
216.76,23.23,0,0,OK,0,0,60.00
217.26,23.23,0,0,OK,0,0,60.00
217.77,23.23,0,0,OK,0,0,60.00
218.27,23.22,0,0,OK,0,0,60.00
218.78,23.22,0,0,OK,0,0,60.00
219.29,23.22,0,0,OK,0,0,60.00
219.80,23.22,0,0,OK,0,0,60.00
220.30,23.22,0,0,OK,0,0,60.00
220.81,23.22,0,0,OK,0,0,60.00
221.32,23.22,0,0,OK,0,0,60.00
221.82,23.22,0,0,OK,0,0,60.00
222.33,23.21,0,0,OK,0,0,60.00
222.84,23.22,0,0,OK,0,0,60.00
223.34,23.21,0,0,OK,0,0,60.00
223.85,23.21,0,0,OK,0,0,60.00
224.36,23.21,0,0,OK,0,0,60.00
224.86,23.22,0,0,OK,0,0,60.00
225.37,23.21,0,0,OK,0,0,60.00
225.88,23.21,0,0,OK,0,0,60.00
226.38,23.21,0,0,OK,0,0,60.00
226.89,23.21,0,0,OK,0,0,60.00
227.40,23.21,0,0,OK,0,0,60.00
227.91,23.21,0,0,OK,0,0,60.00
228.41,23.21,0,0,OK,0,0,60.00
228.92,23.21,0,0,OK,0,0,60.00
229.43,23.21,0,0,OK,0,0,60.00
229.93,23.21,0,0,OK,0,0,60.00
230.44,23.21,0,0,OK,0,0,60.00
230.95,23.21,0,0,OK,0,0,60.00
231.45,23.21,0,0,OK,0,0,60.00
231.96,23.21,0,0,OK,0,0,60.00
232.47,23.21,0,0,OK,0,0,60.00
232.97,23.21,0,0,OK,0,0,60.00
233.48,23.21,0,0,OK,0,0,60.00
233.99,23.21,0,0,OK,0,0,60.00
234.49,23.21,0,0,OK,0,0,60.00
235.00,23.21,0,0,OK,0,0,60.00
235.51,23.21,0,0,OK,0,0,60.00
236.01,23.21,0,0,OK,0,0,60.00
236.52,23.21,0,0,OK,0,0,60.00
237.03,23.21,0,0,OK,0,0,60.00
237.54,23.21,0,0,OK,0,0,60.00
238.04,23.21,0,0,OK,0,0,60.00
238.55,23.21,0,0,OK,0,0,60.00
239.05,23.21,0,0,OK,0,0,60.00
239.56,23.21,0,0,OK,0,0,60.00
240.07,23.20,0,0,OK,0,0,60.00
240.58,23.20,0,0,OK,0,0,60.00
241.08,23.19,0,0,OK,0,0,60.00
241.59,23.20,0,0,OK,0,0,60.00
242.10,23.20,0,0,OK,0,0,60.00
242.60,23.21,0,0,OK,0,0,60.00
243.11,23.21,0,0,OK,0,0,60.00
243.62,23.21,0,0,OK,0,0,60.00
244.12,23.21,0,0,OK,0,0,60.00
244.63,23.21,0,0,OK,0,0,60.00
245.14,23.21,0,0,OK,0,0,60.00
245.65,23.21,0,0,OK,0,0,60.00
246.15,23.21,0,0,OK,0,0,60.00
246.66,23.21,0,0,OK,0,0,60.00
247.16,23.21,0,0,OK,0,0,60.00
247.67,23.21,0,0,OK,0,0,60.00
248.18,23.21,0,0,OK,0,0,60.00
248.69,23.21,0,0,OK,0,0,60.00
249.19,23.21,0,0,OK,0,0,60.00
249.70,23.21,0,0,OK,0,0,60.00
250.21,23.22,0,0,OK,0,0,60.00
250.71,23.21,0,0,OK,0,0,60.00
251.22,23.21,0,0,OK,0,0,60.00
251.73,23.22,0,0,OK,0,0,60.00
252.23,23.22,0,0,OK,0,0,60.00
252.74,23.21,0,0,OK,0,0,60.00
253.25,23.21,0,0,OK,0,0,60.00
253.75,23.22,0,0,OK,0,0,60.00
254.26,23.22,0,0,OK,0,0,60.00
254.77,23.22,0,0,OK,0,0,60.00
255.27,23.22,0,0,OK,0,0,60.00
255.78,23.21,0,0,OK,0,0,60.00
256.29,23.22,0,0,OK,0,0,60.00
256.80,23.22,0,0,OK,0,0,60.00
257.30,23.22,0,0,OK,0,0,60.00
257.81,23.22,0,0,OK,0,0,60.00
258.32,23.22,0,0,OK,0,0,60.00
258.82,23.22,0,0,OK,0,0,60.00
259.33,23.22,0,0,OK,0,0,60.00
259.83,23.22,0,0,OK,0,0,60.00
260.34,23.22,0,0,OK,0,0,60.00
260.85,23.22,0,0,OK,0,0,60.00
261.36,23.21,0,0,OK,0,0,60.00
261.86,23.22,0,0,OK,0,0,60.00
262.37,23.22,0,0,OK,0,0,60.00
262.88,23.22,0,0,OK,0,0,60.00
263.38,23.22,0,0,OK,0,0,60.00
263.89,23.22,0,0,OK,0,0,60.00
264.40,23.22,0,0,OK,0,0,60.00
264.90,23.22,0,0,OK,0,0,60.00
265.41,23.22,0,0,OK,0,0,60.00
265.92,23.22,0,0,OK,0,0,60.00
266.42,23.22,0,0,OK,0,0,60.00
266.93,23.22,0,0,OK,0,0,60.00
267.44,23.23,0,0,OK,0,0,60.00
267.95,23.23,0,0,OK,0,0,60.00
268.45,23.23,0,0,OK,0,0,60.00
268.96,23.23,0,0,OK,0,0,60.00
269.47,23.24,0,0,OK,0,0,60.00
269.97,23.24,0,0,OK,0,0,60.00
270.48,23.24,0,0,OK,0,0,60.00
270.99,23.25,0,0,OK,0,0,60.00
271.49,23.25,0,0,OK,0,0,60.00
272.00,23.25,0,0,OK,0,0,60.00
272.51,23.25,0,0,OK,0,0,60.00
273.01,23.26,0,0,OK,0,0,60.00
273.52,23.26,0,0,OK,0,0,60.00
274.03,23.26,0,0,OK,0,0,60.00
274.53,23.26,0,0,OK,0,0,60.00
275.04,23.26,0,0,OK,0,0,60.00
275.55,23.26,0,0,OK,0,0,60.00
276.05,23.26,0,0,OK,0,0,60.00
276.56,23.27,0,0,OK,0,0,60.00
277.07,23.27,0,0,OK,0,0,60.00
277.58,23.27,0,0,OK,0,0,60.00
278.08,23.27,0,0,OK,0,0,60.00
278.59,23.27,0,0,OK,0,0,60.00
279.10,23.27,0,0,OK,0,0,60.00
279.60,23.28,0,0,OK,0,0,60.00
280.11,23.28,0,0,OK,0,0,60.00
280.62,23.28,0,0,OK,0,0,60.00
281.12,23.28,0,0,OK,0,0,60.00
281.63,23.28,0,0,OK,0,0,60.00
282.14,23.28,0,0,OK,0,0,60.00
282.64,23.28,0,0,OK,0,0,60.00
283.15,23.28,0,0,OK,0,0,60.00
283.66,23.29,0,0,OK,0,0,60.00
284.17,23.29,0,0,OK,0,0,60.00
284.67,23.28,0,0,OK,0,0,60.00
285.18,23.28,0,0,OK,0,0,60.00
285.69,23.28,0,0,OK,0,0,60.00
286.19,23.28,0,0,OK,0,0,60.00
286.70,23.28,0,0,OK,0,0,60.00
287.21,23.28,0,0,OK,0,0,60.00
287.71,23.29,0,0,OK,0,0,60.00
288.22,23.29,0,0,OK,0,0,60.00
288.73,23.29,0,0,OK,0,0,60.00
289.23,23.29,0,0,OK,0,0,60.00
289.74,23.29,0,0,OK,0,0,60.00
290.25,23.29,0,0,OK,0,0,60.00
290.75,23.29,0,0,OK,0,0,60.00
291.26,23.29,0,0,OK,0,0,60.00
291.77,23.29,0,0,OK,0,0,60.00
292.27,23.29,0,0,OK,0,0,60.00
292.78,23.29,0,0,OK,0,0,60.00
293.29,23.29,0,0,OK,0,0,60.00
293.79,23.29,0,0,OK,0,0,60.00
294.30,23.29,0,0,OK,0,0,60.00
294.81,23.29,0,0,OK,0,0,60.00
295.32,23.29,0,0,OK,0,0,60.00
295.82,23.29,0,0,OK,0,0,60.00
296.33,23.29,0,0,OK,0,0,60.00
296.84,23.29,0,0,OK,0,0,60.00
297.34,23.29,0,0,OK,0,0,60.00
297.85,23.29,0,0,OK,0,0,60.00
298.36,23.29,0,0,OK,0,0,60.00
298.86,23.29,0,0,OK,0,0,60.00
299.37,23.29,0,0,OK,0,0,60.00
299.88,23.29,0,0,OK,0,0,60.00
300.38,23.29,0,0,OK,0,0,60.00
300.89,23.29,0,0,OK,0,0,60.00
301.40,23.29,0,0,OK,0,0,60.00
301.90,23.29,0,0,OK,0,0,60.00
302.41,23.29,0,0,OK,0,0,60.00
302.92,23.29,0,0,OK,0,0,60.00
303.42,23.29,0,0,OK,0,0,60.00
303.93,23.29,0,0,OK,0,0,60.00
304.44,23.29,0,0,OK,0,0,60.00
304.95,23.29,0,0,OK,0,0,60.00
305.45,23.29,0,0,OK,0,0,60.00
305.96,23.29,0,0,OK,0,0,60.00
306.46,23.29,0,0,OK,0,0,60.00
306.97,23.29,0,0,OK,0,0,60.00
307.48,23.29,0,0,OK,0,0,60.00
307.98,23.29,0,0,OK,0,0,60.00
308.49,23.29,0,0,OK,0,0,60.00
309.00,23.29,0,0,OK,0,0,60.00
309.51,23.29,0,0,OK,0,0,60.00
310.01,23.29,0,0,OK,0,0,60.00
310.52,23.29,0,0,OK,0,0,60.00
311.03,23.29,0,0,OK,0,0,60.00
311.53,23.29,0,0,OK,0,0,60.00
312.04,23.29,0,0,OK,0,0,60.00
312.55,23.29,0,0,OK,0,0,60.00
313.05,23.29,0,0,OK,0,0,60.00
313.56,23.29,0,0,OK,0,0,60.00
314.07,23.29,0,0,OK,0,0,60.00
314.57,23.29,0,0,OK,0,0,60.00
315.08,23.29,0,0,OK,0,0,60.00
315.59,23.29,0,0,OK,0,0,60.00
316.09,23.29,0,0,OK,0,0,60.00
316.60,23.29,0,0,OK,0,0,60.00
317.11,23.29,0,0,OK,0,0,60.00
317.61,23.29,0,0,OK,0,0,60.00
318.12,23.29,0,0,OK,0,0,60.00
318.63,23.29,0,0,OK,0,0,60.00
319.14,23.29,0,0,OK,0,0,60.00
319.64,23.29,0,0,OK,0,0,60.00
320.15,23.29,0,0,OK,0,0,60.00
320.66,23.29,0,0,OK,0,0,60.00
321.16,23.29,0,0,OK,0,0,60.00
321.67,23.29,0,0,OK,0,0,60.00
322.18,23.29,0,0,OK,0,0,60.00
322.68,23.29,0,0,OK,0,0,60.00
323.19,23.29,0,0,OK,0,0,60.00
323.70,23.29,0,0,OK,0,0,60.00
324.20,23.29,0,0,OK,0,0,60.00
324.71,23.29,0,0,OK,0,0,60.00
325.22,23.29,0,0,OK,0,0,60.00
325.72,23.29,0,0,OK,0,0,60.00
326.23,23.29,0,0,OK,0,0,60.00
326.74,23.29,0,0,OK,0,0,60.00
327.24,23.29,0,0,OK,0,0,60.00
327.75,23.29,0,0,OK,0,0,60.00
328.26,23.29,0,0,OK,0,0,60.00
328.77,23.29,0,0,OK,0,0,60.00
329.27,23.29,0,0,OK,0,0,60.00
329.78,23.29,0,0,OK,0,0,60.00
330.29,23.29,0,0,OK,0,0,60.00
330.79,23.29,0,0,OK,0,0,60.00
331.30,23.29,0,0,OK,0,0,60.00
331.81,23.29,0,0,OK,0,0,60.00
332.31,23.29,0,0,OK,0,0,60.00
332.82,23.29,0,0,OK,0,0,60.00
333.33,23.29,0,0,OK,0,0,60.00
333.83,23.29,0,0,OK,0,0,60.00
334.34,23.29,0,0,OK,0,0,60.00
334.85,23.29,0,0,OK,0,0,60.00
335.35,23.29,0,0,OK,0,0,60.00
335.86,23.29,0,0,OK,0,0,60.00
336.37,23.29,0,0,OK,0,0,60.00
336.87,23.29,0,0,OK,0,0,60.00
337.38,23.29,0,0,OK,0,0,60.00
337.89,23.29,0,0,OK,0,0,60.00
338.39,23.29,0,0,OK,0,0,60.00
338.90,23.29,0,0,OK,0,0,60.00
339.41,23.29,0,0,OK,0,0,60.00
339.92,23.29,0,0,OK,0,0,60.00
340.42,23.29,0,0,OK,0,0,60.00
340.93,23.29,0,0,OK,0,0,60.00
341.44,23.29,0,0,OK,0,0,60.00
341.94,23.29,0,0,OK,0,0,60.00
342.45,23.29,0,0,OK,0,0,60.00
342.96,23.29,0,0,OK,0,0,60.00
343.46,23.29,0,0,OK,0,0,60.00
343.97,23.29,0,0,OK,0,0,60.00
344.48,23.29,0,0,OK,0,0,60.00
344.98,23.29,0,0,OK,0,0,60.00
345.49,23.29,0,0,OK,0,0,60.00
346.00,23.29,0,0,OK,0,0,60.00
346.50,23.29,0,0,OK,0,0,60.00
347.01,23.29,0,0,OK,0,0,60.00
347.52,23.29,0,0,OK,0,0,60.00
348.02,23.29,0,0,OK,0,0,60.00
348.53,23.29,0,0,OK,0,0,60.00
349.04,23.29,0,0,OK,0,0,60.00
349.55,23.29,0,0,OK,0,0,60.00
350.05,23.29,0,0,OK,0,0,60.00
350.56,23.29,0,0,OK,0,0,60.00
351.07,23.29,0,0,OK,0,0,60.00
351.57,23.29,0,0,OK,0,0,60.00
352.08,23.29,0,0,OK,0,0,60.00
352.59,23.29,0,0,OK,0,0,60.00
353.09,23.29,0,0,OK,0,0,60.00
353.60,23.29,0,0,OK,0,0,60.00
354.11,23.29,0,0,OK,0,0,60.00
354.61,23.29,0,0,OK,0,0,60.00
355.12,23.29,0,0,OK,0,0,60.00
355.63,23.29,0,0,OK,0,0,60.00
356.13,23.29,0,0,OK,0,0,60.00
356.64,23.29,0,0,OK,0,0,60.00
357.15,23.29,0,0,OK,0,0,60.00
357.65,23.29,0,0,OK,0,0,60.00
358.16,23.29,0,0,OK,0,0,60.00
358.67,23.29,0,0,OK,0,0,60.00
359.17,23.29,0,0,OK,0,0,60.00
359.68,23.29,0,0,OK,0,0,60.00
360.19,23.29,0,0,OK,0,0,60.00
360.70,23.29,0,0,OK,0,0,60.00
361.20,23.29,0,0,OK,0,0,60.00
361.71,23.29,0,0,OK,0,0,60.00
362.22,23.29,0,0,OK,0,0,60.00
362.72,23.29,0,0,OK,0,0,60.00
363.23,23.29,0,0,OK,0,0,60.00
363.74,23.29,0,0,OK,0,0,60.00
364.24,23.29,0,0,OK,0,0,60.00
364.75,23.29,0,0,OK,0,0,60.00
365.26,23.29,0,0,OK,0,0,60.00
365.76,23.29,0,0,OK,0,0,60.00
366.27,23.29,0,0,OK,0,0,60.00
366.78,23.29,0,0,OK,0,0,60.00
367.28,23.29,0,0,OK,0,0,60.00
367.79,23.29,0,0,OK,0,0,60.00
368.30,23.29,0,0,OK,0,0,60.00
368.80,23.29,0,0,OK,0,0,60.00
369.31,23.29,0,0,OK,0,0,60.00
369.82,23.29,0,0,OK,0,0,60.00
370.33,23.29,0,0,OK,0,0,60.00
370.83,23.29,0,0,OK,0,0,60.00
371.34,23.29,0,0,OK,0,0,60.00
371.85,23.29,0,0,OK,0,0,60.00
372.35,23.29,0,0,OK,0,0,60.00
372.86,23.29,0,0,OK,0,0,60.00
373.37,23.29,0,0,OK,0,0,60.00
373.87,23.29,0,0,OK,0,0,60.00
374.38,23.29,0,0,OK,0,0,60.00
374.89,23.29,0,0,OK,0,0,60.00
375.39,23.29,0,0,OK,0,0,60.00
375.90,23.29,0,0,OK,0,0,60.00
376.41,23.29,0,0,OK,0,0,60.00
376.91,23.29,0,0,OK,0,0,60.00
377.42,23.29,0,0,OK,0,0,60.00
377.93,23.29,0,0,OK,0,0,60.00
378.43,23.29,0,0,OK,0,0,60.00
378.94,23.29,0,0,OK,0,0,60.00
379.45,23.29,0,0,OK,0,0,60.00
379.95,23.29,0,0,OK,0,0,60.00
380.46,23.29,0,0,OK,0,0,60.00
380.97,23.29,0,0,OK,0,0,60.00
381.48,23.29,0,0,OK,0,0,60.00
381.98,23.29,0,0,OK,0,0,60.00
382.49,23.29,0,0,OK,0,0,60.00
383.00,23.29,0,0,OK,0,0,60.00
383.50,23.29,0,0,OK,0,0,60.00
384.01,23.29,0,0,OK,0,0,60.00
384.52,23.29,0,0,OK,0,0,60.00
385.02,23.29,0,0,OK,0,0,60.00
385.53,23.29,0,0,OK,0,0,60.00
386.04,23.29,0,0,OK,0,0,60.00
386.54,23.29,0,0,OK,0,0,60.00
387.05,23.29,0,0,OK,0,0,60.00
387.56,23.29,0,0,OK,0,0,60.00
388.06,23.29,0,0,OK,0,0,60.00
388.57,23.29,0,0,OK,0,0,60.00
389.08,23.29,0,0,OK,0,0,60.00
389.58,23.29,0,0,OK,0,0,60.00
390.09,23.29,0,0,OK,0,0,60.00
390.60,23.29,0,0,OK,0,0,60.00
391.11,23.29,0,0,OK,0,0,60.00
391.61,23.29,0,0,OK,0,0,60.00
392.12,23.29,0,0,OK,0,0,60.00
392.63,23.29,0,0,OK,0,0,60.00
393.13,23.29,0,0,OK,0,0,60.00
393.64,23.29,0,0,OK,0,0,60.00
394.14,23.29,0,0,OK,0,0,60.00
394.65,23.29,0,0,OK,0,0,60.00
395.16,23.29,0,0,OK,0,0,60.00
395.67,23.29,0,0,OK,0,0,60.00
396.17,23.29,0,0,OK,0,0,60.00
396.68,23.29,0,0,OK,0,0,60.00
397.19,23.29,0,0,OK,0,0,60.00
397.69,23.29,0,0,OK,0,0,60.00
398.20,23.29,0,0,OK,0,0,60.00
398.71,23.29,0,0,OK,0,0,60.00
399.21,23.29,0,0,OK,0,0,60.00
399.72,23.29,0,0,OK,0,0,60.00
400.23,23.29,0,0,OK,0,0,60.00
400.73,23.29,0,0,OK,0,0,60.00
401.24,23.29,0,0,OK,0,0,60.00
401.75,23.29,0,0,OK,0,0,60.00
402.25,23.29,0,0,OK,0,0,60.00
402.76,23.29,0,0,OK,0,0,60.00
403.27,23.29,0,0,OK,0,0,60.00
403.77,23.29,0,0,OK,0,0,60.00
404.28,23.29,0,0,OK,0,0,60.00
404.79,23.29,0,0,OK,0,0,60.00
405.30,23.29,0,0,OK,0,0,60.00
405.80,23.29,0,0,OK,0,0,60.00
406.31,23.29,0,0,OK,0,0,60.00
406.82,23.29,0,0,OK,0,0,60.00
407.32,23.29,0,0,OK,0,0,60.00
407.83,23.29,0,0,OK,0,0,60.00
408.34,23.29,0,0,OK,0,0,60.00
408.84,23.29,0,0,OK,0,0,60.00
409.35,23.29,0,0,OK,0,0,60.00
409.86,23.29,0,0,OK,0,0,60.00
410.36,23.29,0,0,OK,0,0,60.00
410.87,23.29,0,0,OK,0,0,60.00
411.38,23.29,0,0,OK,0,0,60.00
411.88,23.29,0,0,OK,0,0,60.00
412.39,23.29,0,0,OK,0,0,60.00
412.90,23.29,0,0,OK,0,0,60.00
413.41,23.29,0,0,OK,0,0,60.00
413.91,23.29,0,0,OK,0,0,60.00
414.42,23.29,0,0,OK,0,0,60.00
414.92,23.29,0,0,OK,0,0,60.00
415.43,23.29,0,0,OK,0,0,60.00
415.94,23.29,0,0,OK,0,0,60.00
416.45,23.29,0,0,OK,0,0,60.00
416.95,23.29,0,0,OK,0,0,60.00
417.46,23.29,0,0,OK,0,0,60.00
417.97,23.29,0,0,OK,0,0,60.00
418.47,23.29,0,0,OK,0,0,60.00
418.98,23.29,0,0,OK,0,0,60.00
419.49,23.29,0,0,OK,0,0,60.00
419.99,23.29,0,0,OK,0,0,60.00
420.50,23.29,0,0,OK,0,0,60.00
421.01,23.29,0,0,OK,0,0,60.00
421.52,23.29,0,0,OK,0,0,60.00
422.02,23.29,0,0,OK,0,0,60.00
422.53,23.29,0,0,OK,0,0,60.00
423.03,23.29,0,0,OK,0,0,60.00
423.54,23.29,0,0,OK,0,0,60.00
424.05,23.29,0,0,OK,0,0,60.00
424.55,23.29,0,0,OK,0,0,60.00
425.06,23.29,0,0,OK,0,0,60.00
425.57,23.29,0,0,OK,0,0,60.00
426.08,23.29,0,0,OK,0,0,60.00
426.58,23.29,0,0,OK,0,0,60.00
427.09,23.29,0,0,OK,0,0,60.00
427.60,23.29,0,0,OK,0,0,60.00
428.10,23.29,0,0,OK,0,0,60.00
428.61,23.29,0,0,OK,0,0,60.00
429.12,23.29,0,0,OK,0,0,60.00
429.62,23.29,0,0,OK,0,0,60.00
430.13,23.29,0,0,OK,0,0,60.00
430.64,23.29,0,0,OK,0,0,60.00
431.14,23.29,0,0,OK,0,0,60.00
431.65,23.29,0,0,OK,0,0,60.00
432.16,23.29,0,0,OK,0,0,60.00
432.66,23.29,0,0,OK,0,0,60.00
433.17,23.29,0,0,OK,0,0,60.00
433.68,23.29,0,0,OK,0,0,60.00
434.19,23.29,0,0,OK,0,0,60.00
434.69,23.29,0,0,OK,0,0,60.00
435.20,23.29,0,0,OK,0,0,60.00
435.70,23.29,0,0,OK,0,0,60.00
436.21,23.29,0,0,OK,0,0,60.00
436.72,23.29,0,0,OK,0,0,60.00
437.23,23.29,0,0,OK,0,0,60.00
437.73,23.29,0,0,OK,0,0,60.00
438.24,23.29,0,0,OK,0,0,60.00
438.75,23.29,0,0,OK,0,0,60.00
439.25,23.29,0,0,OK,0,0,60.00
439.76,23.29,0,0,OK,0,0,60.00
440.27,23.29,0,0,OK,0,0,60.00
440.77,23.29,0,0,OK,0,0,60.00
441.28,23.29,0,0,OK,0,0,60.00
441.79,23.29,0,0,OK,0,0,60.00
442.29,23.29,0,0,OK,0,0,60.00
442.80,23.29,0,0,OK,0,0,60.00
443.31,23.29,0,0,OK,0,0,60.00
443.81,23.29,0,0,OK,0,0,60.00
444.32,23.29,0,0,OK,0,0,60.00
444.83,23.29,0,0,OK,0,0,60.00
445.33,23.29,0,0,OK,0,0,60.00
445.84,23.29,0,0,OK,0,0,60.00
446.35,23.29,0,0,OK,0,0,60.00
446.86,23.29,0,0,OK,0,0,60.00
447.36,23.29,0,0,OK,0,0,60.00
447.87,23.29,0,0,OK,0,0,60.00
448.38,23.29,0,0,OK,0,0,60.00
448.88,23.29,0,0,OK,0,0,60.00
449.39,23.29,0,0,OK,0,0,60.00
449.90,23.29,0,0,OK,0,0,60.00
450.40,23.29,0,0,OK,0,0,60.00
450.91,23.29,0,0,OK,0,0,60.00
451.42,23.29,0,0,OK,0,0,60.00
451.92,23.29,0,0,OK,0,0,60.00
452.43,23.29,0,0,OK,0,0,60.00
452.94,23.29,0,0,OK,0,0,60.00
453.44,23.29,0,0,OK,0,0,60.00
453.95,23.29,0,0,OK,0,0,60.00
454.46,23.29,0,0,OK,0,0,60.00
454.96,23.29,0,0,OK,0,0,60.00
455.47,23.29,0,0,OK,0,0,60.00
455.98,23.29,0,0,OK,0,0,60.00
456.48,23.29,0,0,OK,0,0,60.00
456.99,23.29,0,0,OK,0,0,60.00
457.50,23.29,0,0,OK,0,0,60.00
458.01,23.29,0,0,OK,0,0,60.00
458.51,23.29,0,0,OK,0,0,60.00
459.02,23.29,0,0,OK,0,0,60.00
459.53,23.29,0,0,OK,0,0,60.00
460.03,23.29,0,0,OK,0,0,60.00
460.54,23.29,0,0,OK,0,0,60.00
461.05,23.29,0,0,OK,0,0,60.00
461.55,23.29,0,0,OK,0,0,60.00
462.06,23.29,0,0,OK,0,0,60.00
462.57,23.29,0,0,OK,0,0,60.00
463.07,23.29,0,0,OK,0,0,60.00
463.58,23.29,0,0,OK,0,0,60.00
464.09,23.29,0,0,OK,0,0,60.00
464.59,23.29,0,0,OK,0,0,60.00
465.10,23.29,0,0,OK,0,0,60.00
465.61,23.29,0,0,OK,0,0,60.00
466.11,23.29,0,0,OK,0,0,60.00
466.62,23.29,0,0,OK,0,0,60.00
467.13,23.29,0,0,OK,0,0,60.00
467.64,23.29,0,0,OK,0,0,60.00
468.14,23.29,0,0,OK,0,0,60.00
468.65,23.29,0,0,OK,0,0,60.00
469.16,23.29,0,0,OK,0,0,60.00
469.66,23.29,0,0,OK,0,0,60.00
470.17,23.29,0,0,OK,0,0,60.00
470.68,23.29,0,0,OK,0,0,60.00
471.18,23.29,0,0,OK,0,0,60.00
471.69,23.29,0,0,OK,0,0,60.00
472.20,23.29,0,0,OK,0,0,60.00
472.70,23.29,0,0,OK,0,0,60.00
473.21,23.29,0,0,OK,0,0,60.00
473.72,23.29,0,0,OK,0,0,60.00
474.22,23.29,0,0,OK,0,0,60.00
474.73,23.29,0,0,OK,0,0,60.00
475.24,23.29,0,0,OK,0,0,60.00
475.74,23.29,0,0,OK,0,0,60.00
476.25,23.29,0,0,OK,0,0,60.00
476.76,23.29,0,0,OK,0,0,60.00
477.26,23.29,0,0,OK,0,0,60.00
477.77,23.29,0,0,OK,0,0,60.00
478.28,23.29,0,0,OK,0,0,60.00
478.79,23.29,0,0,OK,0,0,60.00
479.29,23.29,0,0,OK,0,0,60.00
479.80,23.29,0,0,OK,0,0,60.00
480.31,23.29,0,0,OK,0,0,60.00
480.81,23.29,0,0,OK,0,0,60.00
481.32,23.29,0,0,OK,0,0,60.00
481.83,23.29,0,0,OK,0,0,60.00
482.33,23.29,0,0,OK,0,0,60.00
482.84,23.29,0,0,OK,0,0,60.00
483.35,23.29,0,0,OK,0,0,60.00
483.85,23.29,0,0,OK,0,0,60.00
484.36,23.29,0,0,OK,0,0,60.00
484.87,23.29,0,0,OK,0,0,60.00
485.37,23.29,0,0,OK,0,0,60.00
485.88,23.29,0,0,OK,0,0,60.00
486.39,23.29,0,0,OK,0,0,60.00
486.89,23.29,0,0,OK,0,0,60.00
487.40,23.29,0,0,OK,0,0,60.00
487.91,23.29,0,0,OK,0,0,60.00
488.42,23.29,0,0,OK,0,0,60.00
488.92,23.29,0,0,OK,0,0,60.00
489.43,23.29,0,0,OK,0,0,60.00
489.94,23.29,0,0,OK,0,0,60.00
490.44,23.29,0,0,OK,0,0,60.00
490.95,23.29,0,0,OK,0,0,60.00
491.46,23.29,0,0,OK,0,0,60.00
491.96,23.29,0,0,OK,0,0,60.00
492.47,23.29,0,0,OK,0,0,60.00
492.98,23.29,0,0,OK,0,0,60.00
493.48,23.29,0,0,OK,0,0,60.00
493.99,23.29,0,0,OK,0,0,60.00
494.50,23.29,0,0,OK,0,0,60.00
495.00,23.29,0,0,OK,0,0,60.00
495.51,23.29,0,0,OK,0,0,60.00
496.02,23.29,0,0,OK,0,0,60.00
496.52,23.29,0,0,OK,0,0,60.00
497.03,23.29,0,0,OK,0,0,60.00
497.54,23.29,0,0,OK,0,0,60.00
498.04,23.29,0,0,OK,0,0,60.00
498.55,23.29,0,0,OK,0,0,60.00
499.06,23.29,0,0,OK,0,0,60.00
499.57,23.29,0,0,OK,0,0,60.00
500.07,23.29,0,0,OK,0,0,60.00
500.58,23.29,0,0,OK,0,0,60.00
501.09,23.29,0,0,OK,0,0,60.00
501.59,23.29,0,0,OK,0,0,60.00
502.10,23.29,0,0,OK,0,0,60.00
502.61,23.29,0,0,OK,0,0,60.00
503.11,23.29,0,0,OK,0,0,60.00
503.62,23.29,0,0,OK,0,0,60.00
504.13,23.29,0,0,OK,0,0,60.00
504.63,23.29,0,0,OK,0,0,60.00
505.14,23.29,0,0,OK,0,0,60.00
505.65,23.29,0,0,OK,0,0,60.00
506.15,23.29,0,0,OK,0,0,60.00
506.66,23.29,0,0,OK,0,0,60.00
507.17,23.29,0,0,OK,0,0,60.00
507.67,23.29,0,0,OK,0,0,60.00
508.18,23.29,0,0,OK,0,0,60.00
508.69,23.29,0,0,OK,0,0,60.00
509.20,23.29,0,0,OK,0,0,60.00
509.70,23.29,0,0,OK,0,0,60.00
510.21,23.29,0,0,OK,0,0,60.00
510.72,23.29,0,0,OK,0,0,60.00
511.22,23.29,0,0,OK,0,0,60.00
511.73,23.29,0,0,OK,0,0,60.00
512.24,23.29,0,0,OK,0,0,60.00
512.74,23.29,0,0,OK,0,0,60.00
513.25,23.29,0,0,OK,0,0,60.00
513.76,23.29,0,0,OK,0,0,60.00
514.26,23.29,0,0,OK,0,0,60.00
514.77,23.29,0,0,OK,0,0,60.00
515.28,23.29,0,0,OK,0,0,60.00
515.78,23.29,0,0,OK,0,0,60.00
516.29,23.29,0,0,OK,0,0,60.00
516.80,23.29,0,0,OK,0,0,60.00
517.30,23.29,0,0,OK,0,0,60.00
517.81,23.29,0,0,OK,0,0,60.00
518.32,23.29,0,0,OK,0,0,60.00
518.82,23.29,0,0,OK,0,0,60.00
519.33,23.29,0,0,OK,0,0,60.00
519.84,23.29,0,0,OK,0,0,60.00
520.34,23.29,0,0,OK,0,0,60.00
520.85,23.29,0,0,OK,0,0,60.00
521.36,23.29,0,0,OK,0,0,60.00
521.87,23.29,0,0,OK,0,0,60.00
522.37,23.29,0,0,OK,0,0,60.00
522.88,23.29,0,0,OK,0,0,60.00
523.39,23.29,0,0,OK,0,0,60.00
523.89,23.29,0,0,OK,0,0,60.00
524.40,23.29,0,0,OK,0,0,60.00
524.91,23.29,0,0,OK,0,0,60.00
525.41,23.29,0,0,OK,0,0,60.00
525.92,23.29,0,0,OK,0,0,60.00
526.43,23.29,0,0,OK,0,0,60.00
526.93,23.29,0,0,OK,0,0,60.00
527.44,23.29,0,0,OK,0,0,60.00
527.95,23.29,0,0,OK,0,0,60.00
528.45,23.29,0,0,OK,0,0,60.00
528.96,23.29,0,0,OK,0,0,60.00
529.47,23.29,0,0,OK,0,0,60.00
529.97,23.29,0,0,OK,0,0,60.00
530.48,23.29,0,0,OK,0,0,60.00
530.99,23.29,0,0,OK,0,0,60.00
531.50,23.29,0,0,OK,0,0,60.00
532.00,23.29,0,0,OK,0,0,60.00
532.51,23.29,0,0,OK,0,0,60.00
533.02,23.29,0,0,OK,0,0,60.00
533.52,23.29,0,0,OK,0,0,60.00
534.03,23.29,0,0,OK,0,0,60.00
534.54,23.29,0,0,OK,0,0,60.00
535.04,23.29,0,0,OK,0,0,60.00
535.55,23.29,0,0,OK,0,0,60.00
536.06,23.29,0,0,OK,0,0,60.00
536.56,23.29,0,0,OK,0,0,60.00
537.07,23.29,0,0,OK,0,0,60.00
537.58,23.29,0,0,OK,0,0,60.00
538.08,23.29,0,0,OK,0,0,60.00
538.59,23.29,0,0,OK,0,0,60.00
539.10,23.29,0,0,OK,0,0,60.00
539.60,23.29,0,0,OK,0,0,60.00
540.11,23.29,0,0,OK,0,0,60.00
540.62,23.29,0,0,OK,0,0,60.00
541.13,23.29,0,0,OK,0,0,60.00
541.63,23.29,0,0,OK,0,0,60.00
542.14,23.29,0,0,OK,0,0,60.00
542.65,23.29,0,0,OK,0,0,60.00
543.15,23.29,0,0,OK,0,0,60.00
543.66,23.29,0,0,OK,0,0,60.00
544.16,23.29,0,0,OK,0,0,60.00
544.67,23.29,0,0,OK,0,0,60.00
545.18,23.29,0,0,OK,0,0,60.00
545.69,23.29,0,0,OK,0,0,60.00
546.19,23.29,0,0,OK,0,0,60.00
546.70,23.29,0,0,OK,0,0,60.00
547.21,23.29,0,0,OK,0,0,60.00
547.71,23.29,0,0,OK,0,0,60.00
548.22,23.29,0,0,OK,0,0,60.00
548.73,23.29,0,0,OK,0,0,60.00
549.23,23.29,0,0,OK,0,0,60.00
549.74,23.29,0,0,OK,0,0,60.00
550.25,23.29,0,0,OK,0,0,60.00
550.76,23.29,0,0,OK,0,0,60.00
551.26,23.28,0,0,OK,0,0,60.00
551.77,23.28,0,0,OK,0,0,60.00
552.28,23.29,0,0,OK,0,0,60.00
552.78,23.28,0,0,OK,0,0,60.00
553.29,23.28,0,0,OK,0,0,60.00
553.79,23.28,0,0,OK,0,0,60.00
554.30,23.28,0,0,OK,0,0,60.00
554.81,23.28,0,0,OK,0,0,60.00
555.32,23.28,0,0,OK,0,0,60.00
555.82,23.28,0,0,OK,0,0,60.00
556.33,23.28,0,0,OK,0,0,60.00
556.84,23.28,0,0,OK,0,0,60.00
557.34,23.28,0,0,OK,0,0,60.00
557.85,23.28,0,0,OK,0,0,60.00
558.36,23.28,0,0,OK,0,0,60.00
558.86,23.28,0,0,OK,0,0,60.00
559.37,23.28,0,0,OK,0,0,60.00
559.88,23.28,0,0,OK,0,0,60.00
560.39,23.28,0,0,OK,0,0,60.00
560.89,23.28,0,0,OK,0,0,60.00
561.40,23.28,0,0,OK,0,0,60.00
561.91,23.28,0,0,OK,0,0,60.00
562.41,23.28,0,0,OK,0,0,60.00
562.92,23.28,0,0,OK,0,0,60.00
563.43,23.28,0,0,OK,0,0,60.00
563.93,23.28,0,0,OK,0,0,60.00
564.44,23.28,0,0,OK,0,0,60.00
564.95,23.28,0,0,OK,0,0,60.00
565.45,23.28,0,0,OK,0,0,60.00
565.96,23.27,0,0,OK,0,0,60.00
566.47,23.27,0,0,OK,0,0,60.00
566.97,23.27,0,0,OK,0,0,60.00
567.48,23.27,0,0,OK,0,0,60.00
567.99,23.27,0,0,OK,0,0,60.00
568.49,23.27,0,0,OK,0,0,60.00
569.00,23.27,0,0,OK,0,0,60.00
569.51,23.27,0,0,OK,0,0,60.00
570.01,23.27,0,0,OK,0,0,60.00
570.52,23.27,0,0,OK,0,0,60.00
571.03,23.27,0,0,OK,0,0,60.00
571.53,23.27,0,0,OK,0,0,60.00
572.04,23.26,0,0,OK,0,0,60.00
572.55,23.26,0,0,OK,0,0,60.00
573.06,23.26,0,0,OK,0,0,60.00
573.56,23.26,0,0,OK,0,0,60.00
574.07,23.26,0,0,OK,0,0,60.00
574.58,23.26,0,0,OK,0,0,60.00
575.08,23.26,0,0,OK,0,0,60.00
575.59,23.26,0,0,OK,0,0,60.00
576.10,23.26,0,0,OK,0,0,60.00
576.60,23.26,0,0,OK,0,0,60.00
577.11,23.26,0,0,OK,0,0,60.00
577.62,23.26,0,0,OK,0,0,60.00
578.12,23.25,0,0,OK,0,0,60.00
578.63,23.25,0,0,OK,0,0,60.00
579.14,23.25,0,0,OK,0,0,60.00
579.64,23.25,0,0,OK,0,0,60.00
580.15,23.25,0,0,OK,0,0,60.00
580.66,23.25,0,0,OK,0,0,60.00
581.16,23.25,0,0,OK,0,0,60.00
581.67,23.25,0,0,OK,0,0,60.00
582.18,23.25,0,0,OK,0,0,60.00
582.69,23.24,0,0,OK,0,0,60.00
583.19,23.24,0,0,OK,0,0,60.00
583.70,23.24,0,0,OK,0,0,60.00
584.21,23.24,0,0,OK,0,0,60.00
584.71,23.24,0,0,OK,0,0,60.00
585.22,23.24,0,0,OK,0,0,60.00
585.72,23.24,0,0,OK,0,0,60.00
586.23,23.24,0,0,OK,0,0,60.00
586.74,23.23,0,0,OK,0,0,60.00
587.25,23.23,0,0,OK,0,0,60.00
587.75,23.23,0,0,OK,0,0,60.00
588.26,23.23,0,0,OK,0,0,60.00
588.77,23.23,0,0,OK,0,0,60.00
589.27,23.23,0,0,OK,0,0,60.00
589.78,23.23,0,0,OK,0,0,60.00
590.29,23.23,0,0,OK,0,0,60.00
590.79,23.23,0,0,OK,0,0,60.00
591.30,23.23,0,0,OK,0,0,60.00
591.81,23.23,0,0,OK,0,0,60.00
592.32,23.23,0,0,OK,0,0,60.00
592.82,23.23,0,0,OK,0,0,60.00
593.33,23.22,0,0,OK,0,0,60.00
593.84,23.22,0,0,OK,0,0,60.00
594.34,23.22,0,0,OK,0,0,60.00
594.85,23.22,0,0,OK,0,0,60.00
595.35,23.22,0,0,OK,0,0,60.00
595.86,23.22,0,0,OK,0,0,60.00
596.37,23.22,0,0,OK,0,0,60.00
596.88,23.22,0,0,OK,0,0,60.00
597.38,23.22,0,0,OK,0,0,60.00
597.89,23.22,0,0,OK,0,0,60.00
598.40,23.22,0,0,OK,0,0,60.00
598.90,23.22,0,0,OK,0,0,60.00
599.41,23.22,0,0,OK,0,0,60.00
599.92,23.22,0,0,OK,0,0,60.00
600.42,23.22,0,0,OK,0,0,60.00
600.93,23.22,0,0,OK,0,0,60.00
601.44,23.22,0,0,OK,0,0,60.00
601.95,23.22,0,0,OK,0,0,60.00
602.45,23.22,0,0,OK,0,0,60.00
602.96,23.22,0,0,OK,0,0,60.00
603.47,23.22,0,0,OK,0,0,60.00
603.97,23.22,0,0,OK,0,0,60.00
604.48,23.22,0,0,OK,0,0,60.00
604.99,23.22,0,0,OK,0,0,60.00
605.49,23.22,0,0,OK,0,0,60.00
606.00,23.22,0,0,OK,0,0,60.00
606.51,23.22,0,0,OK,0,0,60.00
607.01,23.22,0,0,OK,0,0,60.00
607.52,23.22,0,0,OK,0,0,60.00
608.03,23.22,0,0,OK,0,0,60.00
608.53,23.22,0,0,OK,0,0,60.00
609.04,23.22,0,0,OK,0,0,60.00
609.55,23.22,0,0,OK,0,0,60.00
610.05,23.22,0,0,OK,0,0,60.00
610.56,23.22,0,0,OK,0,0,60.00
611.07,23.22,0,0,OK,0,0,60.00
611.57,23.22,0,0,OK,0,0,60.00
612.08,23.22,0,0,OK,0,0,60.00
612.59,23.22,0,0,OK,0,0,60.00
613.09,23.22,0,0,OK,0,0,60.00
613.60,23.22,0,0,OK,0,0,60.00
614.11,23.22,0,0,OK,0,0,60.00
614.62,23.22,0,0,OK,0,0,60.00
615.12,23.22,0,0,OK,0,0,60.00
615.63,23.22,0,0,OK,0,0,60.00
616.14,23.22,0,0,OK,0,0,60.00
616.64,23.22,0,0,OK,0,0,60.00
617.15,23.22,0,0,OK,0,0,60.00
617.66,23.22,0,0,OK,0,0,60.00
618.16,23.22,0,0,OK,0,0,60.00
618.67,23.22,0,0,OK,0,0,60.00
619.18,23.22,0,0,OK,0,0,60.00
619.68,23.22,0,0,OK,0,0,60.00
620.19,23.22,0,0,OK,0,0,60.00
620.70,23.22,0,0,OK,0,0,60.00
621.20,23.22,0,0,OK,0,0,60.00
621.71,23.22,0,0,OK,0,0,60.00
622.22,23.22,0,0,OK,0,0,60.00
622.72,23.22,0,0,OK,0,0,60.00
623.23,23.22,0,0,OK,0,0,60.00
623.74,23.22,0,0,OK,0,0,60.00
624.25,23.22,0,0,OK,0,0,60.00
624.75,23.22,0,0,OK,0,0,60.00
625.26,23.22,0,0,OK,0,0,60.00
625.77,23.22,0,0,OK,0,0,60.00
626.27,23.22,0,0,OK,0,0,60.00
626.78,23.22,0,0,OK,0,0,60.00
627.29,23.22,0,0,OK,0,0,60.00
627.79,23.22,0,0,OK,0,0,60.00
628.30,23.22,0,0,OK,0,0,60.00
628.81,23.22,0,0,OK,0,0,60.00
629.31,23.22,0,0,OK,0,0,60.00
629.82,23.22,0,0,OK,0,0,60.00
630.33,23.22,0,0,OK,0,0,60.00
630.83,23.22,0,0,OK,0,0,60.00
631.34,23.21,0,0,OK,0,0,60.00
631.85,23.22,0,0,OK,0,0,60.00
632.35,23.22,0,0,OK,0,0,60.00
632.86,23.22,0,0,OK,0,0,60.00
633.37,23.22,0,0,OK,0,0,60.00
633.88,23.21,0,0,OK,0,0,60.00
634.38,23.22,0,0,OK,0,0,60.00
634.89,23.22,0,0,OK,0,0,60.00
635.40,23.22,0,0,OK,0,0,60.00
635.90,23.22,0,0,OK,0,0,60.00
636.41,23.22,0,0,OK,0,0,60.00
636.91,23.22,0,0,OK,0,0,60.00
637.42,23.22,0,0,OK,0,0,60.00
637.93,23.21,0,0,OK,0,0,60.00
638.44,23.22,0,0,OK,0,0,60.00
638.94,23.22,0,0,OK,0,0,60.00
639.45,23.22,0,0,OK,0,0,60.00
639.96,23.21,0,0,OK,0,0,60.00
640.46,23.21,0,0,OK,0,0,60.00
640.97,23.22,0,0,OK,0,0,60.00
641.48,23.22,0,0,OK,0,0,60.00
641.98,23.22,0,0,OK,0,0,60.00
642.49,23.21,0,0,OK,0,0,60.00
643.00,23.21,0,0,OK,0,0,60.00
643.51,23.21,0,0,OK,0,0,60.00
644.01,23.22,0,0,OK,0,0,60.00
644.52,23.21,0,0,OK,0,0,60.00
645.03,23.21,0,0,OK,0,0,60.00
645.53,23.21,0,0,OK,0,0,60.00
646.04,23.22,0,0,OK,0,0,60.00
646.55,23.22,0,0,OK,0,0,60.00
647.05,23.22,0,0,OK,0,0,60.00
647.56,23.21,0,0,OK,0,0,60.00
648.07,23.21,0,0,OK,0,0,60.00
648.57,23.22,0,0,OK,0,0,60.00
649.08,23.21,0,0,OK,0,0,60.00
649.59,23.21,0,0,OK,0,0,60.00
650.09,23.21,0,0,OK,0,0,60.00
650.60,23.21,0,0,OK,0,0,60.00
651.11,23.21,0,0,OK,0,0,60.00
651.61,23.22,0,0,OK,0,0,60.00
652.12,23.21,0,0,OK,0,0,60.00
652.63,23.21,0,0,OK,0,0,60.00
653.13,23.21,0,0,OK,0,0,60.00
653.64,23.21,0,0,OK,0,0,60.00
654.15,23.21,0,0,OK,0,0,60.00
654.66,23.21,0,0,OK,0,0,60.00
655.16,23.21,0,0,OK,0,0,60.00
655.67,23.21,0,0,OK,0,0,60.00
656.18,23.21,0,0,OK,0,0,60.00
656.68,23.21,0,0,OK,0,0,60.00
657.19,23.21,0,0,OK,0,0,60.00
657.70,23.21,0,0,OK,0,0,60.00
658.20,23.22,0,0,OK,0,0,60.00
658.71,23.21,0,0,OK,0,0,60.00
659.22,23.22,0,0,OK,0,0,60.00
659.72,23.21,0,0,OK,0,0,60.00
660.23,23.21,0,0,OK,0,0,60.00
660.74,23.22,0,0,OK,0,0,60.00
661.24,23.21,0,0,OK,0,0,60.00
661.75,23.21,0,0,OK,0,0,60.00
662.26,23.21,0,0,OK,0,0,60.00
662.76,23.21,0,0,OK,0,0,60.00
663.27,23.21,0,0,OK,0,0,60.00
663.78,23.21,0,0,OK,0,0,60.00
664.28,23.21,0,0,OK,0,0,60.00
664.79,23.21,0,0,OK,0,0,60.00
665.30,23.21,0,0,OK,0,0,60.00
665.80,23.21,0,0,OK,0,0,60.00
666.31,23.21,0,0,OK,0,0,60.00
666.82,23.21,0,0,OK,0,0,60.00
667.33,23.21,0,0,OK,0,0,60.00
667.83,23.21,0,0,OK,0,0,60.00
668.34,23.21,0,0,OK,0,0,60.00
668.85,23.21,0,0,OK,0,0,60.00
669.35,23.21,0,0,OK,0,0,60.00
669.86,23.21,0,0,OK,0,0,60.00
670.37,23.21,0,0,OK,0,0,60.00
670.87,23.21,0,0,OK,0,0,60.00
671.38,23.21,0,0,OK,0,0,60.00
671.89,23.21,0,0,OK,0,0,60.00
672.39,23.21,0,0,OK,0,0,60.00
672.90,23.21,0,0,OK,0,0,60.00
673.41,23.21,0,0,OK,0,0,60.00
673.91,23.21,0,0,OK,0,0,60.00
674.42,23.21,0,0,OK,0,0,60.00
674.93,23.21,0,0,OK,0,0,60.00
675.44,23.21,0,0,OK,0,0,60.00
675.94,23.21,0,0,OK,0,0,60.00
676.45,23.21,0,0,OK,0,0,60.00
676.96,23.21,0,0,OK,0,0,60.00
677.46,23.21,0,0,OK,0,0,60.00
677.97,23.21,0,0,OK,0,0,60.00
678.48,23.21,0,0,OK,0,0,60.00
678.98,23.21,0,0,OK,0,0,60.00
679.49,23.21,0,0,OK,0,0,60.00
680.00,23.21,0,0,OK,0,0,60.00
680.50,23.21,0,0,OK,0,0,60.00
681.01,23.21,0,0,OK,0,0,60.00
681.52,23.21,0,0,OK,0,0,60.00
682.02,23.21,0,0,OK,0,0,60.00
682.53,23.21,0,0,OK,0,0,60.00
683.04,23.21,0,0,OK,0,0,60.00
683.54,23.21,0,0,OK,0,0,60.00
684.05,23.21,0,0,OK,0,0,60.00
684.56,23.21,0,0,OK,0,0,60.00
685.07,23.21,0,0,OK,0,0,60.00
685.57,23.21,0,0,OK,0,0,60.00
686.08,23.21,0,0,OK,0,0,60.00
686.59,23.21,0,0,OK,0,0,60.00
687.09,23.21,0,0,OK,0,0,60.00
687.60,23.21,0,0,OK,0,0,60.00
688.11,23.21,0,0,OK,0,0,60.00
688.61,23.21,0,0,OK,0,0,60.00
689.12,23.21,0,0,OK,0,0,60.00
689.63,23.21,0,0,OK,0,0,60.00
690.13,23.21,0,0,OK,0,0,60.00
690.64,23.21,0,0,OK,0,0,60.00
691.15,23.21,0,0,OK,0,0,60.00
691.65,23.21,0,0,OK,0,0,60.00
692.16,23.21,0,0,OK,0,0,60.00
692.67,23.21,0,0,OK,0,0,60.00
693.17,23.21,0,0,OK,0,0,60.00
693.68,23.21,0,0,OK,0,0,60.00
694.19,23.21,0,0,OK,0,0,60.00
694.69,23.21,0,0,OK,0,0,60.00
695.20,23.21,0,0,OK,0,0,60.00
695.71,23.21,0,0,OK,0,0,60.00
696.22,23.21,0,0,OK,0,0,60.00
696.72,23.21,0,0,OK,0,0,60.00
697.23,23.21,0,0,OK,0,0,60.00
697.74,23.21,0,0,OK,0,0,60.00
698.24,23.21,0,0,OK,0,0,60.00
698.75,23.21,0,0,OK,0,0,60.00
699.26,23.21,0,0,OK,0,0,60.00
699.76,23.21,0,0,OK,0,0,60.00
700.27,23.21,0,0,OK,0,0,60.00
700.78,23.21,0,0,OK,0,0,60.00
701.28,23.21,0,0,OK,0,0,60.00
701.79,23.21,0,0,OK,0,0,60.00
702.30,23.21,0,0,OK,0,0,60.00
702.80,23.21,0,0,OK,0,0,60.00
703.31,23.21,0,0,OK,0,0,60.00
703.82,23.21,0,0,OK,0,0,60.00
704.32,23.21,0,0,OK,0,0,60.00
704.83,23.21,0,0,OK,0,0,60.00
705.34,23.21,0,0,OK,0,0,60.00
705.84,23.21,0,0,OK,0,0,60.00
706.35,23.21,0,0,OK,0,0,60.00
706.86,23.21,0,0,OK,0,0,60.00
707.36,23.21,0,0,OK,0,0,60.00
707.87,23.21,0,0,OK,0,0,60.00
708.38,23.21,0,0,OK,0,0,60.00
708.89,23.21,0,0,OK,0,0,60.00
709.39,23.21,0,0,OK,0,0,60.00
709.90,23.21,0,0,OK,0,0,60.00
710.41,23.21,0,0,OK,0,0,60.00
710.91,23.21,0,0,OK,0,0,60.00
711.42,23.21,0,0,OK,0,0,60.00
711.93,23.21,0,0,OK,0,0,60.00
712.43,23.21,0,0,OK,0,0,60.00
712.94,23.21,0,0,OK,0,0,60.00
713.45,23.21,0,0,OK,0,0,60.00
713.95,23.21,0,0,OK,0,0,60.00
714.46,23.21,0,0,OK,0,0,60.00
714.97,23.21,0,0,OK,0,0,60.00
715.47,23.21,0,0,OK,0,0,60.00
715.98,23.21,0,0,OK,0,0,60.00
716.49,23.21,0,0,OK,0,0,60.00
717.00,23.21,0,0,OK,0,0,60.00
717.50,23.21,0,0,OK,0,0,60.00
718.01,23.21,0,0,OK,0,0,60.00
718.52,23.21,0,0,OK,0,0,60.00
719.02,23.21,0,0,OK,0,0,60.00
719.53,23.21,0,0,OK,0,0,60.00
720.04,23.21,0,0,OK,0,0,60.00
720.54,23.21,0,0,OK,0,0,60.00
721.05,23.21,0,0,OK,0,0,60.00
721.56,23.21,0,0,OK,0,0,60.00
722.06,23.21,0,0,OK,0,0,60.00
722.57,23.21,0,0,OK,0,0,60.00
723.08,23.21,0,0,OK,0,0,60.00
723.59,23.21,0,0,OK,0,0,60.00
724.09,23.21,0,0,OK,0,0,60.00
724.60,23.21,0,0,OK,0,0,60.00
725.10,23.21,0,0,OK,0,0,60.00
725.61,23.21,0,0,OK,0,0,60.00
726.12,23.21,0,0,OK,0,0,60.00
726.63,23.21,0,0,OK,0,0,60.00
727.13,23.21,0,0,OK,0,0,60.00
727.64,23.21,0,0,OK,0,0,60.00
728.15,23.21,0,0,OK,0,0,60.00
728.65,23.21,0,0,OK,0,0,60.00
729.16,23.21,0,0,OK,0,0,60.00
729.67,23.21,0,0,OK,0,0,60.00
730.17,23.21,0,0,OK,0,0,60.00
730.68,23.21,0,0,OK,0,0,60.00
731.19,23.21,0,0,OK,0,0,60.00
731.69,23.21,0,0,OK,0,0,60.00
732.20,23.21,0,0,OK,0,0,60.00
732.71,23.21,0,0,OK,0,0,60.00
733.21,23.21,0,0,OK,0,0,60.00
733.72,23.21,0,0,OK,0,0,60.00
734.23,23.21,0,0,OK,0,0,60.00
734.73,23.21,0,0,OK,0,0,60.00
735.24,23.21,0,0,OK,0,0,60.00
735.75,23.21,0,0,OK,0,0,60.00
736.25,23.21,0,0,OK,0,0,60.00
736.76,23.21,0,0,OK,0,0,60.00
737.27,23.21,0,0,OK,0,0,60.00
737.78,23.21,0,0,OK,0,0,60.00
738.28,23.21,0,0,OK,0,0,60.00
738.79,23.21,0,0,OK,0,0,60.00
739.30,23.21,0,0,OK,0,0,60.00
739.80,23.21,0,0,OK,0,0,60.00
740.31,23.21,0,0,OK,0,0,60.00
740.82,23.21,0,0,OK,0,0,60.00
741.32,23.21,0,0,OK,0,0,60.00
741.83,23.21,0,0,OK,0,0,60.00
742.34,23.21,0,0,OK,0,0,60.00
742.84,23.21,0,0,OK,0,0,60.00
743.35,23.21,0,0,OK,0,0,60.00
743.86,23.21,0,0,OK,0,0,60.00
744.36,23.21,0,0,OK,0,0,60.00
744.87,23.21,0,0,OK,0,0,60.00
745.38,23.21,0,0,OK,0,0,60.00
745.89,23.21,0,0,OK,0,0,60.00
746.39,23.21,0,0,OK,0,0,60.00
746.90,23.21,0,0,OK,0,0,60.00
747.41,23.21,0,0,OK,0,0,60.00
747.91,23.21,0,0,OK,0,0,60.00
748.42,23.21,0,0,OK,0,0,60.00
748.92,23.21,0,0,OK,0,0,60.00
749.43,23.21,0,0,OK,0,0,60.00
749.94,23.21,0,0,OK,0,0,60.00
750.45,23.21,0,0,OK,0,0,60.00
750.95,23.21,0,0,OK,0,0,60.00
751.46,23.21,0,0,OK,0,0,60.00
751.97,23.21,0,0,OK,0,0,60.00
752.47,23.21,0,0,OK,0,0,60.00
752.98,23.21,0,0,OK,0,0,60.00
753.49,23.21,0,0,OK,0,0,60.00
753.99,23.21,0,0,OK,0,0,60.00
754.50,23.21,0,0,OK,0,0,60.00
755.01,23.21,0,0,OK,0,0,60.00
755.52,23.21,0,0,OK,0,0,60.00
756.02,23.21,0,0,OK,0,0,60.00
756.53,23.21,0,0,OK,0,0,60.00
757.04,23.21,0,0,OK,0,0,60.00
757.54,23.21,0,0,OK,0,0,60.00
758.05,23.21,0,0,OK,0,0,60.00
758.55,23.21,0,0,OK,0,0,60.00
759.06,23.21,0,0,OK,0,0,60.00
759.57,23.21,0,0,OK,0,0,60.00
760.08,23.21,0,0,OK,0,0,60.00
760.58,23.21,0,0,OK,0,0,60.00
761.09,23.21,0,0,OK,0,0,60.00
761.60,23.21,0,0,OK,0,0,60.00
762.10,23.21,0,0,OK,0,0,60.00
762.61,23.21,0,0,OK,0,0,60.00
763.12,23.21,0,0,OK,0,0,60.00
763.62,23.21,0,0,OK,0,0,60.00
764.13,23.21,0,0,OK,0,0,60.00
764.64,23.21,0,0,OK,0,0,60.00
765.15,23.21,0,0,OK,0,0,60.00
765.65,23.21,0,0,OK,0,0,60.00
766.16,23.21,0,0,OK,0,0,60.00
766.66,23.21,0,0,OK,0,0,60.00
767.17,23.21,0,0,OK,0,0,60.00
767.68,23.21,0,0,OK,0,0,60.00
768.19,23.21,0,0,OK,0,0,60.00
768.69,23.21,0,0,OK,0,0,60.00
769.20,23.21,0,0,OK,0,0,60.00
769.71,23.21,0,0,OK,0,0,60.00
770.21,23.21,0,0,OK,0,0,60.00
770.72,23.21,0,0,OK,0,0,60.00
771.23,23.21,0,0,OK,0,0,60.00
771.73,23.21,0,0,OK,0,0,60.00
772.24,23.21,0,0,OK,0,0,60.00
772.75,23.21,0,0,OK,0,0,60.00
773.25,23.21,0,0,OK,0,0,60.00
773.76,23.21,0,0,OK,0,0,60.00
774.27,23.21,0,0,OK,0,0,60.00
774.77,23.21,0,0,OK,0,0,60.00
775.28,23.21,0,0,OK,0,0,60.00
775.79,23.21,0,0,OK,0,0,60.00
776.29,23.21,0,0,OK,0,0,60.00
776.80,23.21,0,0,OK,0,0,60.00
777.31,23.21,0,0,OK,0,0,60.00
777.82,23.21,0,0,OK,0,0,60.00
778.32,23.21,0,0,OK,0,0,60.00
778.83,23.21,0,0,OK,0,0,60.00
779.34,23.21,0,0,OK,0,0,60.00
779.84,23.21,0,0,OK,0,0,60.00
780.35,23.21,0,0,OK,0,0,60.00
780.86,23.21,0,0,OK,0,0,60.00
781.36,23.21,0,0,OK,0,0,60.00
781.87,23.21,0,0,OK,0,0,60.00
782.38,23.21,0,0,OK,0,0,60.00
782.88,23.21,0,0,OK,0,0,60.00
783.39,23.21,0,0,OK,0,0,60.00
783.90,23.21,0,0,OK,0,0,60.00
784.40,23.21,0,0,OK,0,0,60.00
784.91,23.21,0,0,OK,0,0,60.00
785.42,23.21,0,0,OK,0,0,60.00
785.92,23.21,0,0,OK,0,0,60.00
786.43,23.21,0,0,OK,0,0,60.00
786.94,23.21,0,0,OK,0,0,60.00
787.45,23.21,0,0,OK,0,0,60.00
787.95,23.21,0,0,OK,0,0,60.00
788.46,23.21,0,0,OK,0,0,60.00
788.97,23.21,0,0,OK,0,0,60.00
789.47,23.21,0,0,OK,0,0,60.00
789.98,23.21,0,0,OK,0,0,60.00
790.49,23.21,0,0,OK,0,0,60.00
790.99,23.21,0,0,OK,0,0,60.00
791.50,23.21,0,0,OK,0,0,60.00
792.01,23.21,0,0,OK,0,0,60.00
792.51,23.21,0,0,OK,0,0,60.00
793.02,23.21,0,0,OK,0,0,60.00
793.53,23.21,0,0,OK,0,0,60.00
794.03,23.21,0,0,OK,0,0,60.00
794.54,23.21,0,0,OK,0,0,60.00
795.05,23.21,0,0,OK,0,0,60.00
795.55,23.21,0,0,OK,0,0,60.00
796.06,23.21,0,0,OK,0,0,60.00
796.57,23.21,0,0,OK,0,0,60.00
797.08,23.21,0,0,OK,0,0,60.00
797.58,23.21,0,0,OK,0,0,60.00
798.09,23.21,0,0,OK,0,0,60.00
798.60,23.21,0,0,OK,0,0,60.00
799.10,23.21,0,0,OK,0,0,60.00
799.61,23.21,0,0,OK,0,0,60.00
800.12,23.21,0,0,OK,0,0,60.00
800.62,23.21,0,0,OK,0,0,60.00
801.13,23.21,0,0,OK,0,0,60.00
801.64,23.21,0,0,OK,0,0,60.00
802.14,23.21,0,0,OK,0,0,60.00
802.65,23.21,0,0,OK,0,0,60.00
803.16,23.21,0,0,OK,0,0,60.00
803.66,23.21,0,0,OK,0,0,60.00
804.17,23.21,0,0,OK,0,0,60.00
804.68,23.21,0,0,OK,0,0,60.00
805.18,23.21,0,0,OK,0,0,60.00
805.69,23.21,0,0,OK,0,0,60.00
806.20,23.21,0,0,OK,0,0,60.00
806.71,23.21,0,0,OK,0,0,60.00
807.21,23.21,0,0,OK,0,0,60.00
807.72,23.21,0,0,OK,0,0,60.00
808.22,23.21,0,0,OK,0,0,60.00
808.73,23.21,0,0,OK,0,0,60.00
809.24,23.21,0,0,OK,0,0,60.00
809.75,23.21,0,0,OK,0,0,60.00
810.25,23.21,0,0,OK,0,0,60.00
810.76,23.21,0,0,OK,0,0,60.00
811.27,23.21,0,0,OK,0,0,60.00
811.77,23.21,0,0,OK,0,0,60.00
812.28,23.21,0,0,OK,0,0,60.00
812.79,23.21,0,0,OK,0,0,60.00
813.29,23.21,0,0,OK,0,0,60.00
813.80,23.21,0,0,OK,0,0,60.00
814.31,23.21,0,0,OK,0,0,60.00
814.81,23.21,0,0,OK,0,0,60.00
815.32,23.21,0,0,OK,0,0,60.00
815.83,23.21,0,0,OK,0,0,60.00
816.33,23.21,0,0,OK,0,0,60.00
816.84,23.21,0,0,OK,0,0,60.00
817.35,23.21,0,0,OK,0,0,60.00
817.85,23.21,0,0,OK,0,0,60.00
818.36,23.21,0,0,OK,0,0,60.00
818.87,23.21,0,0,OK,0,0,60.00
819.38,23.21,0,0,OK,0,0,60.00
819.88,23.21,0,0,OK,0,0,60.00
820.39,23.21,0,0,OK,0,0,60.00
820.90,23.21,0,0,OK,0,0,60.00
821.40,23.21,0,0,OK,0,0,60.00
821.91,23.21,0,0,OK,0,0,60.00
822.42,23.21,0,0,OK,0,0,60.00
822.92,23.21,0,0,OK,0,0,60.00
823.43,23.21,0,0,OK,0,0,60.00
823.94,23.21,0,0,OK,0,0,60.00
824.44,23.21,0,0,OK,0,0,60.00
824.95,23.21,0,0,OK,0,0,60.00
825.46,23.21,0,0,OK,0,0,60.00
825.96,23.21,0,0,OK,0,0,60.00
826.47,23.21,0,0,OK,0,0,60.00
826.98,23.21,0,0,OK,0,0,60.00
827.48,23.21,0,0,OK,0,0,60.00
827.99,23.21,0,0,OK,0,0,60.00
828.50,23.21,0,0,OK,0,0,60.00
829.01,23.21,0,0,OK,0,0,60.00
829.51,23.21,0,0,OK,0,0,60.00
830.02,23.21,0,0,OK,0,0,60.00
830.53,23.21,0,0,OK,0,0,60.00
831.03,23.21,0,0,OK,0,0,60.00
831.54,23.21,0,0,OK,0,0,60.00
832.05,23.21,0,0,OK,0,0,60.00
832.55,23.21,0,0,OK,0,0,60.00
833.06,23.21,0,0,OK,0,0,60.00
833.57,23.21,0,0,OK,0,0,60.00
834.07,23.21,0,0,OK,0,0,60.00
834.58,23.21,0,0,OK,0,0,60.00
835.09,23.21,0,0,OK,0,0,60.00
835.59,23.21,0,0,OK,0,0,60.00
836.10,23.21,0,0,OK,0,0,60.00
836.61,23.21,0,0,OK,0,0,60.00
837.11,23.21,0,0,OK,0,0,60.00
837.62,23.21,0,0,OK,0,0,60.00
838.13,23.21,0,0,OK,0,0,60.00
838.63,23.21,0,0,OK,0,0,60.00
839.14,23.21,0,0,OK,0,0,60.00
839.65,23.21,0,0,OK,0,0,60.00
840.16,23.21,0,0,OK,0,0,60.00
840.66,23.21,0,0,OK,0,0,60.00
841.17,23.21,0,0,OK,0,0,60.00
841.67,23.21,0,0,OK,0,0,60.00
842.18,23.21,0,0,OK,0,0,60.00
842.69,23.21,0,0,OK,0,0,60.00
843.20,23.21,0,0,OK,0,0,60.00
843.70,23.21,0,0,OK,0,0,60.00
844.21,23.21,0,0,OK,0,0,60.00
844.72,23.21,0,0,OK,0,0,60.00
845.22,23.21,0,0,OK,0,0,60.00
845.73,23.21,0,0,OK,0,0,60.00
846.24,23.21,0,0,OK,0,0,60.00
846.74,23.21,0,0,OK,0,0,60.00
847.25,23.21,0,0,OK,0,0,60.00
847.76,23.21,0,0,OK,0,0,60.00
848.26,23.21,0,0,OK,0,0,60.00
848.77,23.21,0,0,OK,0,0,60.00
849.28,23.21,0,0,OK,0,0,60.00
849.78,23.21,0,0,OK,0,0,60.00
850.29,23.21,0,0,OK,0,0,60.00
850.80,23.21,0,0,OK,0,0,60.00
851.30,23.21,0,0,OK,0,0,60.00
851.81,23.21,0,0,OK,0,0,60.00
852.32,23.21,0,0,OK,0,0,60.00
852.83,23.21,0,0,OK,0,0,60.00
853.33,23.21,0,0,OK,0,0,60.00
853.84,23.21,0,0,OK,0,0,60.00
854.35,23.21,0,0,OK,0,0,60.00
854.85,23.21,0,0,OK,0,0,60.00
855.36,23.21,0,0,OK,0,0,60.00
855.87,23.21,0,0,OK,0,0,60.00
856.37,23.21,0,0,OK,0,0,60.00
856.88,23.21,0,0,OK,0,0,60.00
857.39,23.21,0,0,OK,0,0,60.00
857.89,23.21,0,0,OK,0,0,60.00
858.40,23.21,0,0,OK,0,0,60.00
858.91,23.21,0,0,OK,0,0,60.00
859.41,23.21,0,0,OK,0,0,60.00
859.92,23.21,0,0,OK,0,0,60.00
860.43,23.21,0,0,OK,0,0,60.00
860.94,23.21,0,0,OK,0,0,60.00
861.44,23.21,0,0,OK,0,0,60.00
861.95,23.21,0,0,OK,0,0,60.00
862.46,23.21,0,0,OK,0,0,60.00
862.96,23.21,0,0,OK,0,0,60.00
863.47,23.21,0,0,OK,0,0,60.00
863.98,23.21,0,0,OK,0,0,60.00
864.48,23.21,0,0,OK,0,0,60.00
864.99,23.21,0,0,OK,0,0,60.00
865.50,23.21,0,0,OK,0,0,60.00
866.00,23.21,0,0,OK,0,0,60.00
866.51,23.21,0,0,OK,0,0,60.00
867.02,23.21,0,0,OK,0,0,60.00
867.52,23.21,0,0,OK,0,0,60.00
868.03,23.21,0,0,OK,0,0,60.00
868.54,23.21,0,0,OK,0,0,60.00
869.04,23.21,0,0,OK,0,0,60.00
869.55,23.21,0,0,OK,0,0,60.00
870.06,23.21,0,0,OK,0,0,60.00
870.57,23.21,0,0,OK,0,0,60.00
871.07,23.21,0,0,OK,0,0,60.00
871.58,23.21,0,0,OK,0,0,60.00
872.09,23.21,0,0,OK,0,0,60.00
872.59,23.21,0,0,OK,0,0,60.00
873.10,23.21,0,0,OK,0,0,60.00
873.61,23.21,0,0,OK,0,0,60.00
874.11,23.21,0,0,OK,0,0,60.00
874.62,23.21,0,0,OK,0,0,60.00
875.13,23.21,0,0,OK,0,0,60.00
875.63,23.21,0,0,OK,0,0,60.00
876.14,23.21,0,0,OK,0,0,60.00
876.65,23.21,0,0,OK,0,0,60.00
877.15,23.21,0,0,OK,0,0,60.00
877.66,23.20,0,0,OK,0,0,60.00
878.17,23.20,0,0,OK,0,0,60.00
878.67,23.20,0,0,OK,0,0,60.00
879.18,23.20,0,0,OK,0,0,60.00
879.69,23.20,0,0,OK,0,0,60.00
880.20,23.20,0,0,OK,0,0,60.00
880.70,23.20,0,0,OK,0,0,60.00
881.21,23.20,0,0,OK,0,0,60.00
881.72,23.20,0,0,OK,0,0,60.00
882.22,23.20,0,0,OK,0,0,60.00
882.73,23.20,0,0,OK,0,0,60.00
883.24,23.20,0,0,OK,0,0,60.00
883.74,23.20,0,0,OK,0,0,60.00
884.25,23.20,0,0,OK,0,0,60.00
884.76,23.20,0,0,OK,0,0,60.00
885.26,23.20,0,0,OK,0,0,60.00
885.77,23.19,0,0,OK,0,0,60.00
886.28,23.19,0,0,OK,0,0,60.00
886.78,23.19,0,0,OK,0,0,60.00
887.29,23.19,0,0,OK,0,0,60.00
887.80,23.19,0,0,OK,0,0,60.00
888.30,23.19,0,0,OK,0,0,60.00
888.81,23.19,0,0,OK,0,0,60.00
889.32,23.19,0,0,OK,0,0,60.00
889.83,23.19,0,0,OK,0,0,60.00
890.33,23.18,0,0,OK,0,0,60.00
890.84,23.18,0,0,OK,0,0,60.00
891.34,23.18,0,0,OK,0,0,60.00
891.85,23.18,0,0,OK,0,0,60.00
892.36,23.18,0,0,OK,0,0,60.00
892.87,23.18,0,0,OK,0,0,60.00
893.37,23.18,0,0,OK,0,0,60.00
893.88,23.18,0,0,OK,0,0,60.00
894.39,23.17,0,0,OK,0,0,60.00
894.89,23.18,0,0,OK,0,0,60.00
895.40,23.17,0,0,OK,0,0,60.00
895.91,23.17,0,0,OK,0,0,60.00
896.41,23.17,0,0,OK,0,0,60.00
896.92,23.17,0,0,OK,0,0,60.00
897.43,23.17,0,0,OK,0,0,60.00
897.93,23.17,0,0,OK,0,0,60.00
898.44,23.17,0,0,OK,0,0,60.00
898.95,23.16,0,0,OK,0,0,60.00
899.45,23.16,0,0,OK,0,0,60.00
899.96,23.16,0,0,OK,0,0,60.00
900.47,23.16,0,0,OK,0,0,60.00
900.97,23.16,0,0,OK,0,0,60.00
901.48,23.16,0,0,OK,0,0,60.00
901.99,23.16,0,0,OK,0,0,60.00
902.50,23.16,0,0,OK,0,0,60.00
903.00,23.16,0,0,OK,0,0,60.00
903.51,23.16,0,0,OK,0,0,60.00
904.02,23.15,0,0,OK,0,0,60.00
904.52,23.15,0,0,OK,0,0,60.00
905.03,23.15,0,0,OK,0,0,60.00
905.54,23.15,0,0,OK,0,0,60.00
906.04,23.15,0,0,OK,0,0,60.00
906.55,23.15,0,0,OK,0,0,60.00
907.06,23.15,0,0,OK,0,0,60.00
907.56,23.15,0,0,OK,0,0,60.00
908.07,23.15,0,0,OK,0,0,60.00
908.58,23.15,0,0,OK,0,0,60.00
909.08,23.15,0,0,OK,0,0,60.00
909.59,23.15,0,0,OK,0,0,60.00
910.10,23.15,0,0,OK,0,0,60.00
910.60,23.15,0,0,OK,0,0,60.00
911.11,23.15,0,0,OK,0,0,60.00
911.62,23.15,0,0,OK,0,0,60.00
912.13,23.15,0,0,OK,0,0,60.00
912.63,23.15,0,0,OK,0,0,60.00
913.14,23.14,0,0,OK,0,0,60.00
913.65,23.14,0,0,OK,0,0,60.00
914.15,23.14,0,0,OK,0,0,60.00
914.66,23.14,0,0,OK,0,0,60.00
915.17,23.14,0,0,OK,0,0,60.00
915.67,23.14,0,0,OK,0,0,60.00
916.18,23.14,0,0,OK,0,0,60.00
916.69,23.14,0,0,OK,0,0,60.00
917.19,23.14,0,0,OK,0,0,60.00
917.70,23.14,0,0,OK,0,0,60.00
918.21,23.14,0,0,OK,0,0,60.00
918.71,23.14,0,0,OK,0,0,60.00
919.22,23.14,0,0,OK,0,0,60.00
919.73,23.14,0,0,OK,0,0,60.00
920.23,23.14,0,0,OK,0,0,60.00
920.74,23.14,0,0,OK,0,0,60.00
921.25,23.14,0,0,OK,0,0,60.00
921.76,23.14,0,0,OK,0,0,60.00
922.26,23.14,0,0,OK,0,0,60.00
922.77,23.14,0,0,OK,0,0,60.00
923.28,23.14,0,0,OK,0,0,60.00
923.78,23.14,0,0,OK,0,0,60.00
924.29,23.14,0,0,OK,0,0,60.00
924.80,23.14,0,0,OK,0,0,60.00
925.30,23.14,0,0,OK,0,0,60.00
925.81,23.14,0,0,OK,0,0,60.00
926.32,23.14,0,0,OK,0,0,60.00
1010.98,23.14,0,0,OK,0,0,60.00
1011.49,23.14,0,0,OK,0,0,60.00
1012.00,23.14,0,0,OK,0,0,60.00
1012.50,23.14,0,0,OK,0,0,60.00
1013.01,23.14,0,0,OK,0,0,60.00
1013.52,23.14,0,0,OK,0,0,60.00
1014.03,23.14,0,0,OK,0,0,60.00
1014.54,23.14,0,0,OK,0,0,60.00
1015.04,23.14,0,0,OK,0,0,60.00
1015.55,23.14,0,0,OK,0,0,60.00
1016.06,23.14,0,0,OK,0,0,60.00
1016.57,23.14,0,0,OK,0,0,60.00
1017.07,23.14,0,0,OK,0,0,60.00
1017.58,23.14,0,0,OK,0,0,60.00
1018.09,23.14,0,0,OK,0,0,60.00
1018.60,23.14,0,0,OK,0,0,60.00
1019.11,23.14,0,0,OK,0,0,60.00
1019.61,23.14,0,0,OK,0,0,60.00
1020.12,23.14,0,0,OK,0,0,60.00
1020.63,23.14,0,0,OK,0,0,60.00
1021.14,23.14,0,0,OK,0,0,60.00
1021.65,23.14,0,0,OK,0,0,60.00
1022.15,23.14,0,0,OK,0,0,60.00
1022.66,23.14,0,0,OK,0,0,60.00
1023.17,23.14,0,0,OK,0,0,60.00
1023.68,23.14,0,0,OK,0,0,60.00
1024.19,23.14,0,0,OK,0,0,60.00
1024.69,23.14,0,0,OK,0,0,60.00
1025.20,23.14,0,0,OK,0,0,60.00
1025.71,23.14,0,0,OK,0,0,60.00
1026.22,23.14,0,0,OK,0,0,60.00
1026.72,23.14,0,0,OK,0,0,60.00
1027.23,23.14,0,0,OK,0,0,60.00
1027.74,23.14,0,0,OK,0,0,60.00
1028.25,23.14,0,0,OK,0,0,60.00
1028.76,23.14,0,0,OK,0,0,60.00
1029.26,23.14,0,0,OK,0,0,60.00
1029.77,23.14,0,0,OK,0,0,60.00
1030.28,23.14,0,0,OK,0,0,60.00
1030.79,23.14,0,0,OK,0,0,60.00
1031.30,23.14,0,0,OK,0,0,60.00
1031.80,23.14,0,0,OK,0,0,60.00
1032.31,23.14,0,0,OK,0,0,60.00
1032.82,23.14,0,0,OK,0,0,60.00
1033.33,23.14,0,0,OK,0,0,60.00
1033.83,23.14,0,0,OK,0,0,60.00
1034.34,23.14,0,0,OK,0,0,60.00
1034.85,23.14,0,0,OK,0,0,60.00
1035.36,23.14,0,0,OK,0,0,60.00
1035.87,23.14,0,0,OK,0,0,60.00
1036.37,23.14,0,0,OK,0,0,60.00
1036.88,23.14,0,0,OK,0,0,60.00
1037.39,23.14,0,0,OK,0,0,60.00
1037.90,23.14,0,0,OK,0,0,60.00
1038.41,23.14,0,0,OK,0,0,60.00
1038.91,23.14,0,0,OK,0,0,60.00
1039.42,23.14,0,0,OK,0,0,60.00
1039.93,23.14,0,0,OK,0,0,60.00
1040.44,23.14,0,0,OK,0,0,60.00
1040.94,23.14,0,0,OK,0,0,60.00
1041.45,23.14,0,0,OK,0,0,60.00
1041.96,23.14,0,0,OK,0,0,60.00
1042.47,23.14,0,0,OK,0,0,60.00
1042.98,23.14,0,0,OK,0,0,60.00
1043.48,23.14,0,0,OK,0,0,60.00
1043.99,23.14,0,0,OK,0,0,60.00
1044.50,23.14,0,0,OK,0,0,60.00
1045.01,23.14,0,0,OK,0,0,60.00
1045.52,23.14,0,0,OK,0,0,60.00
1046.02,23.14,0,0,OK,0,0,60.00
1046.53,23.14,0,0,OK,0,0,60.00
1047.04,23.14,0,0,OK,0,0,60.00
1047.55,23.13,0,0,OK,0,0,60.00
1048.06,23.13,0,0,OK,0,0,60.00
1048.56,23.13,0,0,OK,0,0,60.00
1049.07,23.13,0,0,OK,0,0,60.00
1049.58,23.13,0,0,OK,0,0,60.00
1050.09,23.14,0,0,OK,0,0,60.00
1050.59,23.13,0,0,OK,0,0,60.00
1051.10,23.14,0,0,OK,0,0,60.00
1051.61,23.13,0,0,OK,0,0,60.00
1052.12,23.13,0,0,OK,0,0,60.00
1052.63,23.14,0,0,OK,0,0,60.00
1053.13,23.13,0,0,OK,0,0,60.00
1053.64,23.13,0,0,OK,0,0,60.00
1054.15,23.13,0,0,OK,0,0,60.00
1054.66,23.13,0,0,OK,0,0,60.00
1055.17,23.13,0,0,OK,0,0,60.00
1055.67,23.13,0,0,OK,0,0,60.00
1056.18,23.13,0,0,OK,0,0,60.00
1056.69,23.13,0,0,OK,0,0,60.00
1057.20,23.13,0,0,OK,0,0,60.00
1057.70,23.13,0,0,OK,0,0,60.00
1058.21,23.13,0,0,OK,0,0,60.00
1058.72,23.13,0,0,OK,0,0,60.00
1059.23,23.13,0,0,OK,0,0,60.00
1059.74,23.13,0,0,OK,0,0,60.00
1060.24,23.13,0,0,OK,0,0,60.00
1060.75,23.13,0,0,OK,0,0,60.00
1061.26,23.13,0,0,OK,0,0,60.00
1061.77,23.13,0,0,OK,0,0,60.00
1062.28,23.13,0,0,OK,0,0,60.00
1062.78,23.13,0,0,OK,0,0,60.00
1063.29,23.13,0,0,OK,0,0,60.00
1063.80,23.13,0,0,OK,0,0,60.00
1064.31,23.13,0,0,OK,0,0,60.00
1064.81,23.13,0,0,OK,0,0,60.00
1065.32,23.13,0,0,OK,0,0,60.00
1065.83,23.13,0,0,OK,0,0,60.00
1066.34,23.13,0,0,OK,0,0,60.00
1066.85,23.13,0,0,OK,0,0,60.00
1067.35,23.13,0,0,OK,0,0,60.00
1067.86,23.13,0,0,OK,0,0,60.00
1068.37,23.13,0,0,OK,0,0,60.00
1068.88,23.13,0,0,OK,0,0,60.00
1069.39,23.13,0,0,OK,0,0,60.00
1069.89,23.13,0,0,OK,0,0,60.00
1070.40,23.13,0,0,OK,0,0,60.00
1070.91,23.13,0,0,OK,0,0,60.00
1071.42,23.13,0,0,OK,0,0,60.00
1071.93,23.13,0,0,OK,0,0,60.00
1072.43,23.13,0,0,OK,0,0,60.00
1072.94,23.13,0,0,OK,0,0,60.00
1073.45,23.13,0,0,OK,0,0,60.00
1073.96,23.13,0,0,OK,0,0,60.00
1074.46,23.13,0,0,OK,0,0,60.00
1074.97,23.13,0,0,OK,0,0,60.00
1075.48,23.13,0,0,OK,0,0,60.00
1075.99,23.13,0,0,OK,0,0,60.00
1076.50,23.13,0,0,OK,0,0,60.00
1077.00,23.13,0,0,OK,0,0,60.00
1077.51,23.13,0,0,OK,0,0,60.00
1078.02,23.13,0,0,OK,0,0,60.00
1078.53,23.13,0,0,OK,0,0,60.00
1079.04,23.13,0,0,OK,0,0,60.00
1079.54,23.13,0,0,OK,0,0,60.00
1080.05,23.13,0,0,OK,0,0,60.00
1080.56,23.13,0,0,OK,0,0,60.00
1081.07,23.13,0,0,OK,0,0,60.00
1081.57,23.13,0,0,OK,0,0,60.00
1082.08,23.13,0,0,OK,0,0,60.00
1082.59,23.13,0,0,OK,0,0,60.00
1083.10,23.13,0,0,OK,0,0,60.00
1083.61,23.13,0,0,OK,0,0,60.00
1084.11,23.13,0,0,OK,0,0,60.00
1084.62,23.13,0,0,OK,0,0,60.00
1085.13,23.13,0,0,OK,0,0,60.00
1085.64,23.13,0,0,OK,0,0,60.00
1086.15,23.13,0,0,OK,0,0,60.00
1086.65,23.13,0,0,OK,0,0,60.00
1087.16,23.13,0,0,OK,0,0,60.00
1087.67,23.13,0,0,OK,0,0,60.00
1088.18,23.13,0,0,OK,0,0,60.00
1088.69,23.13,0,0,OK,0,0,60.00
1089.19,23.13,0,0,OK,0,0,60.00
1089.70,23.13,0,0,OK,0,0,60.00
1090.21,23.13,0,0,OK,0,0,60.00
1090.72,23.13,0,0,OK,0,0,60.00
1091.22,23.13,0,0,OK,0,0,60.00
1091.73,23.13,0,0,OK,0,0,60.00
1092.24,23.13,0,0,OK,0,0,60.00
1092.75,23.13,0,0,OK,0,0,60.00
1093.26,23.13,0,0,OK,0,0,60.00
1093.76,23.13,0,0,OK,0,0,60.00
1094.27,23.13,0,0,OK,0,0,60.00
1094.78,23.13,0,0,OK,0,0,60.00
1095.29,23.13,0,0,OK,0,0,60.00
1095.80,23.13,0,0,OK,0,0,60.00
1096.30,23.13,0,0,OK,0,0,60.00
1096.81,23.13,0,0,OK,0,0,60.00
1097.32,23.13,0,0,OK,0,0,60.00
1097.83,23.13,0,0,OK,0,0,60.00
1098.33,23.13,0,0,OK,0,0,60.00
1098.84,23.13,0,0,OK,0,0,60.00
1099.35,23.13,0,0,OK,0,0,60.00
1099.86,23.13,0,0,OK,0,0,60.00
1100.37,23.13,0,0,OK,0,0,60.00
1100.87,23.13,0,0,OK,0,0,60.00
1101.38,23.13,0,0,OK,0,0,60.00
1101.89,23.13,0,0,OK,0,0,60.00
1102.40,23.13,0,0,OK,0,0,60.00
1102.91,23.13,0,0,OK,0,0,60.00
1103.41,23.13,0,0,OK,0,0,60.00
1103.92,23.13,0,0,OK,0,0,60.00
1104.43,23.13,0,0,OK,0,0,60.00
1104.94,23.13,0,0,OK,0,0,60.00
1105.44,23.13,0,0,OK,0,0,60.00
1105.95,23.13,0,0,OK,0,0,60.00
1106.46,23.13,0,0,OK,0,0,60.00
1106.97,23.13,0,0,OK,0,0,60.00
1107.48,23.13,0,0,OK,0,0,60.00
1107.98,23.13,0,0,OK,0,0,60.00
1108.49,23.13,0,0,OK,0,0,60.00
1109.00,23.13,0,0,OK,0,0,60.00
1109.51,23.13,0,0,OK,0,0,60.00
1110.02,23.13,0,0,OK,0,0,60.00
1110.52,23.13,0,0,OK,0,0,60.00
1111.03,23.13,0,0,OK,0,0,60.00
1111.54,23.13,0,0,OK,0,0,60.00
1112.05,23.13,0,0,OK,0,0,60.00
1112.56,23.13,0,0,OK,0,0,60.00
1113.06,23.13,0,0,OK,0,0,60.00
1113.57,23.13,0,0,OK,0,0,60.00
1114.08,23.13,0,0,OK,0,0,60.00
1114.59,23.13,0,0,OK,0,0,60.00
1115.10,23.13,0,0,OK,0,0,60.00
1115.60,23.13,0,0,OK,0,0,60.00
1116.11,23.13,0,0,OK,0,0,60.00
1116.62,23.13,0,0,OK,0,0,60.00
1117.13,23.13,0,0,OK,0,0,60.00
1117.63,23.13,0,0,OK,0,0,60.00
1118.14,23.13,0,0,OK,0,0,60.00
1118.65,23.13,0,0,OK,0,0,60.00
1119.16,23.13,0,0,OK,0,0,60.00
1119.67,23.13,0,0,OK,0,0,60.00
1120.17,23.13,0,0,OK,0,0,60.00
1120.68,23.13,0,0,OK,0,0,60.00
1121.19,23.13,0,0,OK,0,0,60.00
1121.70,23.13,0,0,OK,0,0,60.00
1122.20,23.13,0,0,OK,0,0,60.00
1122.71,23.13,0,0,OK,0,0,60.00
1123.22,23.13,0,0,OK,0,0,60.00
1123.73,23.13,0,0,OK,0,0,60.00
1124.24,23.13,0,0,OK,0,0,60.00
1124.75,23.13,0,0,OK,0,0,60.00
1125.25,23.13,0,0,OK,0,0,60.00
1125.76,23.13,0,0,OK,0,0,60.00
1126.27,23.13,0,0,OK,0,0,60.00
1126.78,23.13,0,0,OK,0,0,60.00
1127.28,23.13,0,0,OK,0,0,60.00
1127.79,23.13,0,0,OK,0,0,60.00
1128.30,23.13,0,0,OK,0,0,60.00
1128.81,23.13,0,0,OK,0,0,60.00
1129.32,23.13,0,0,OK,0,0,60.00
1129.82,23.13,0,0,OK,0,0,60.00
1130.33,23.13,0,0,OK,0,0,60.00
1130.84,23.13,0,0,OK,0,0,60.00
1131.35,23.13,0,0,OK,0,0,60.00
1131.85,23.13,0,0,OK,0,0,60.00
1132.36,23.13,0,0,OK,0,0,60.00
1132.87,23.13,0,0,OK,0,0,60.00
1133.38,23.13,0,0,OK,0,0,60.00
1133.89,23.13,0,0,OK,0,0,60.00
1134.40,23.13,0,0,OK,0,0,60.00
1134.90,23.13,0,0,OK,0,0,60.00
1135.41,23.13,0,0,OK,0,0,60.00
1135.92,23.13,0,0,OK,0,0,60.00
1136.43,23.13,0,0,OK,0,0,60.00
1136.93,23.13,0,0,OK,0,0,60.00
1137.44,23.13,0,0,OK,0,0,60.00
1137.95,23.13,0,0,OK,0,0,60.00
1138.46,23.13,0,0,OK,0,0,60.00
1138.97,23.13,0,0,OK,0,0,60.00
1139.47,23.13,0,0,OK,0,0,60.00
1139.98,23.13,0,0,OK,0,0,60.00
1140.49,23.13,0,0,OK,0,0,60.00
1141.00,23.13,0,0,OK,0,0,60.00
1141.51,23.13,0,0,OK,0,0,60.00
1142.01,23.13,0,0,OK,0,0,60.00
1142.52,23.13,0,0,OK,0,0,60.00
1143.03,23.13,0,0,OK,0,0,60.00
1143.54,23.13,0,0,OK,0,0,60.00
1144.04,23.13,0,0,OK,0,0,60.00
1144.55,23.13,0,0,OK,0,0,60.00
1145.06,23.13,0,0,OK,0,0,60.00
1145.57,23.13,0,0,OK,0,0,60.00
1146.08,23.13,0,0,OK,0,0,60.00
1146.58,23.13,0,0,OK,0,0,60.00
1147.09,23.13,0,0,OK,0,0,60.00
1147.60,23.13,0,0,OK,0,0,60.00
1148.11,23.13,0,0,OK,0,0,60.00
1148.61,23.13,0,0,OK,0,0,60.00
1149.12,23.13,0,0,OK,0,0,60.00
1149.63,23.13,0,0,OK,0,0,60.00
1150.14,23.13,0,0,OK,0,0,60.00
1150.65,23.13,0,0,OK,0,0,60.00
1151.16,23.13,0,0,OK,0,0,60.00
1151.66,23.13,0,0,OK,0,0,60.00
1152.17,23.13,0,0,OK,0,0,60.00
1152.68,23.13,0,0,OK,0,0,60.00
1153.19,23.13,0,0,OK,0,0,60.00
1153.69,23.13,0,0,OK,0,0,60.00
1154.20,23.13,0,0,OK,0,0,60.00
1154.71,23.13,0,0,OK,0,0,60.00
1155.22,23.13,0,0,OK,0,0,60.00
1155.73,23.13,0,0,OK,0,0,60.00
1156.23,23.13,0,0,OK,0,0,60.00
1156.74,23.13,0,0,OK,0,0,60.00
1157.25,23.13,0,0,OK,0,0,60.00
1157.76,23.13,0,0,OK,0,0,60.00
1158.26,23.13,0,0,OK,0,0,60.00
1158.77,23.13,0,0,OK,0,0,60.00
1159.28,23.13,0,0,OK,0,0,60.00
1159.79,23.13,0,0,OK,0,0,60.00
1160.30,23.13,0,0,OK,0,0,60.00
1160.80,23.13,0,0,OK,0,0,60.00
1161.31,23.13,0,0,OK,0,0,60.00
1161.82,23.13,0,0,OK,0,0,60.00
1162.33,23.13,0,0,OK,0,0,60.00
1162.83,23.13,0,0,OK,0,0,60.00
1163.34,23.13,0,0,OK,0,0,60.00
1163.85,23.13,0,0,OK,0,0,60.00
1164.36,23.13,0,0,OK,0,0,60.00
1164.87,23.13,0,0,OK,0,0,60.00
1165.38,23.13,0,0,OK,0,0,60.00
1165.88,23.13,0,0,OK,0,0,60.00
1166.39,23.13,0,0,OK,0,0,60.00
1166.90,23.13,0,0,OK,0,0,60.00
1167.41,23.13,0,0,OK,0,0,60.00
1167.92,23.13,0,0,OK,0,0,60.00
1168.42,23.13,0,0,OK,0,0,60.00
1168.93,23.13,0,0,OK,0,0,60.00
1169.44,23.13,0,0,OK,0,0,60.00
1169.95,23.13,0,0,OK,0,0,60.00
1170.45,23.13,0,0,OK,0,0,60.00
1170.96,23.13,0,0,OK,0,0,60.00
1171.47,23.13,0,0,OK,0,0,60.00
1171.98,23.13,0,0,OK,0,0,60.00
1172.49,23.13,0,0,OK,0,0,60.00
1172.99,23.13,0,0,OK,0,0,60.00
1173.50,23.13,0,0,OK,0,0,60.00
1174.01,23.13,0,0,OK,0,0,60.00
1174.52,23.13,0,0,OK,0,0,60.00
1175.02,23.13,0,0,OK,0,0,60.00
1175.53,23.13,0,0,OK,0,0,60.00
1176.04,23.13,0,0,OK,0,0,60.00
1176.55,23.13,0,0,OK,0,0,60.00
1177.06,23.13,0,0,OK,0,0,60.00
1177.56,23.13,0,0,OK,0,0,60.00
1178.07,23.13,0,0,OK,0,0,60.00
1178.58,23.13,0,0,OK,0,0,60.00
1179.09,23.13,0,0,OK,0,0,60.00
1179.59,23.13,0,0,OK,0,0,60.00
1180.10,23.13,0,0,OK,0,0,60.00
1180.61,23.13,0,0,OK,0,0,60.00
1181.12,23.13,0,0,OK,0,0,60.00
1181.63,23.13,0,0,OK,0,0,60.00
1182.14,23.13,0,0,OK,0,0,60.00
1182.64,23.13,0,0,OK,0,0,60.00
1183.15,23.13,0,0,OK,0,0,60.00
1183.66,23.13,0,0,OK,0,0,60.00
1184.17,23.13,0,0,OK,0,0,60.00
1184.67,23.13,0,0,OK,0,0,60.00
1185.18,23.13,0,0,OK,0,0,60.00
1185.69,23.13,0,0,OK,0,0,60.00
1186.20,23.13,0,0,OK,0,0,60.00
1186.71,23.13,0,0,OK,0,0,60.00
1187.21,23.13,0,0,OK,0,0,60.00
1187.72,23.13,0,0,OK,0,0,60.00
1188.23,23.13,0,0,OK,0,0,60.00
1188.74,23.13,0,0,OK,0,0,60.00
1189.25,23.13,0,0,OK,0,0,60.00
1189.75,23.13,0,0,OK,0,0,60.00
1190.26,23.13,0,0,OK,0,0,60.00
1190.77,23.13,0,0,OK,0,0,60.00
1191.28,23.13,0,0,OK,0,0,60.00
1191.78,23.13,0,0,OK,0,0,60.00
1192.29,23.13,0,0,OK,0,0,60.00
1192.80,23.13,0,0,OK,0,0,60.00
1193.31,23.13,0,0,OK,0,0,60.00
1193.82,23.13,0,0,OK,0,0,60.00
1194.32,23.13,0,0,OK,0,0,60.00
1194.83,23.13,0,0,OK,0,0,60.00
1195.34,23.13,0,0,OK,0,0,60.00
1195.85,23.13,0,0,OK,0,0,60.00
1196.35,23.13,0,0,OK,0,0,60.00
1196.86,23.13,0,0,OK,0,0,60.00
1197.37,23.13,0,0,OK,0,0,60.00
1197.88,23.13,0,0,OK,0,0,60.00
1198.39,23.13,0,0,OK,0,0,60.00
1198.90,23.13,0,0,OK,0,0,60.00
1199.40,23.13,0,0,OK,0,0,60.00
1199.91,23.13,0,0,OK,0,0,60.00
1200.42,23.13,0,0,OK,0,0,60.00
1200.93,23.13,0,0,OK,0,0,60.00
1201.43,23.13,0,0,OK,0,0,60.00
1201.94,23.13,0,0,OK,0,0,60.00
1202.45,23.13,0,0,OK,0,0,60.00
1202.96,23.13,0,0,OK,0,0,60.00
1203.47,23.13,0,0,OK,0,0,60.00
1203.97,23.13,0,0,OK,0,0,60.00
1204.48,23.13,0,0,OK,0,0,60.00
1204.99,23.13,0,0,OK,0,0,60.00
1205.50,23.13,0,0,OK,0,0,60.00
1206.01,23.13,0,0,OK,0,0,60.00
1206.51,23.13,0,0,OK,0,0,60.00
1207.02,23.13,0,0,OK,0,0,60.00
1207.53,23.13,0,0,OK,0,0,60.00
1208.04,23.13,0,0,OK,0,0,60.00
1208.55,23.13,0,0,OK,0,0,60.00
1209.05,23.13,0,0,OK,0,0,60.00
1209.56,23.13,0,0,OK,0,0,60.00
1210.07,23.13,0,0,OK,0,0,60.00
1210.58,23.13,0,0,OK,0,0,60.00
1211.08,23.13,0,0,OK,0,0,60.00
1211.59,23.13,0,0,OK,0,0,60.00
1212.10,23.13,0,0,OK,0,0,60.00
1212.61,23.13,0,0,OK,0,0,60.00
1213.11,23.13,0,0,OK,0,0,60.00
1213.62,23.13,0,0,OK,0,0,60.00
1214.13,23.13,0,0,OK,0,0,60.00
1214.64,23.13,0,0,OK,0,0,60.00
1215.15,23.13,0,0,OK,0,0,60.00
1215.65,23.13,0,0,OK,0,0,60.00
1216.16,23.13,0,0,OK,0,0,60.00
1216.67,23.13,0,0,OK,0,0,60.00
1217.18,23.13,0,0,OK,0,0,60.00
1217.69,23.13,0,0,OK,0,0,60.00
1218.19,23.13,0,0,OK,0,0,60.00
1218.70,23.13,0,0,OK,0,0,60.00
1219.21,23.13,0,0,OK,0,0,60.00
1219.72,23.13,0,0,OK,0,0,60.00
1220.23,23.13,0,0,OK,0,0,60.00
1220.73,23.13,0,0,OK,0,0,60.00
1221.24,23.13,0,0,OK,0,0,60.00
1221.75,23.13,0,0,OK,0,0,60.00
1222.26,23.13,0,0,OK,0,0,60.00
1222.77,23.13,0,0,OK,0,0,60.00
1223.27,23.13,0,0,OK,0,0,60.00
1223.78,23.13,0,0,OK,0,0,60.00
1224.29,23.13,0,0,OK,0,0,60.00
1224.80,23.13,0,0,OK,0,0,60.00
1225.31,23.13,0,0,OK,0,0,60.00
1225.81,23.13,0,0,OK,0,0,60.00
1226.32,23.13,0,0,OK,0,0,60.00
1226.83,23.13,0,0,OK,0,0,60.00
1227.34,23.13,0,0,OK,0,0,60.00
1227.84,23.13,0,0,OK,0,0,60.00
1228.35,23.13,0,0,OK,0,0,60.00
1228.86,23.13,0,0,OK,0,0,60.00
1229.37,23.13,0,0,OK,0,0,60.00
1229.88,23.13,0,0,OK,0,0,60.00
1230.38,23.13,0,0,OK,0,0,60.00
1230.89,23.13,0,0,OK,0,0,60.00
1231.40,23.13,0,0,OK,0,0,60.00
1231.91,23.13,0,0,OK,0,0,60.00
1232.41,23.13,0,0,OK,0,0,60.00
1232.92,23.13,0,0,OK,0,0,60.00
1233.43,23.13,0,0,OK,0,0,60.00
1233.94,23.13,0,0,OK,0,0,60.00
1234.45,23.13,0,0,OK,0,0,60.00
1234.95,23.13,0,0,OK,0,0,60.00
1235.46,23.13,0,0,OK,0,0,60.00
1235.97,23.13,0,0,OK,0,0,60.00
1236.48,23.13,0,0,OK,0,0,60.00
1236.98,23.13,0,0,OK,0,0,60.00
1237.49,23.13,0,0,OK,0,0,60.00
1238.00,23.13,0,0,OK,0,0,60.00
1238.51,23.13,0,0,OK,0,0,60.00
1239.02,23.13,0,0,OK,0,0,60.00
1239.53,23.13,0,0,OK,0,0,60.00
1240.03,23.13,0,0,OK,0,0,60.00
1240.54,23.13,0,0,OK,0,0,60.00
1241.05,23.13,0,0,OK,0,0,60.00
1241.56,23.13,0,0,OK,0,0,60.00
1242.06,23.13,0,0,OK,0,0,60.00
1242.57,23.13,0,0,OK,0,0,60.00
1243.08,23.13,0,0,OK,0,0,60.00
1243.59,23.13,0,0,OK,0,0,60.00
1244.10,23.13,0,0,OK,0,0,60.00
1244.60,23.13,0,0,OK,0,0,60.00
1245.11,23.13,0,0,OK,0,0,60.00
1245.62,23.13,0,0,OK,0,0,60.00
1246.13,23.13,0,0,OK,0,0,60.00
1246.64,23.13,0,0,OK,0,0,60.00
1247.14,23.13,0,0,OK,0,0,60.00
1247.65,23.12,0,0,OK,0,0,60.00
1248.16,23.12,0,0,OK,0,0,60.00
1248.67,23.12,0,0,OK,0,0,60.00
1249.18,23.12,0,0,OK,0,0,60.00
1249.68,23.12,0,0,OK,0,0,60.00
1250.19,23.12,0,0,OK,0,0,60.00
1250.70,23.12,0,0,OK,0,0,60.00
1251.21,23.12,0,0,OK,0,0,60.00
1251.71,23.12,0,0,OK,0,0,60.00
1252.22,23.12,0,0,OK,0,0,60.00
1252.73,23.12,0,0,OK,0,0,60.00
1253.24,23.11,0,0,OK,0,0,60.00
1253.75,23.12,0,0,OK,0,0,60.00
1254.25,23.11,0,0,OK,0,0,60.00
1254.76,23.11,0,0,OK,0,0,60.00
1255.27,23.11,0,0,OK,0,0,60.00
1255.78,23.11,0,0,OK,0,0,60.00
1256.29,23.11,0,0,OK,0,0,60.00
1256.79,23.11,0,0,OK,0,0,60.00
1257.30,23.11,0,0,OK,0,0,60.00
1257.81,23.11,0,0,OK,0,0,60.00
1258.32,23.11,0,0,OK,0,0,60.00
1258.82,23.10,0,0,OK,0,0,60.00
1259.33,23.10,0,0,OK,0,0,60.00
1259.84,23.10,0,0,OK,0,0,60.00
1260.35,23.10,0,0,OK,0,0,60.00
1260.86,23.10,0,0,OK,0,0,60.00
1261.36,23.10,0,0,OK,0,0,60.00
1261.87,23.10,0,0,OK,0,0,60.00
1262.38,23.10,0,0,OK,0,0,60.00
1262.89,23.09,0,0,OK,0,0,60.00
1263.40,23.10,0,0,OK,0,0,60.00
1263.90,23.09,0,0,OK,0,0,60.00
1264.41,23.09,0,0,OK,0,0,60.00
1264.92,23.09,0,0,OK,0,0,60.00
1265.43,23.09,0,0,OK,0,0,60.00
1265.94,23.09,0,0,OK,0,0,60.00
1266.44,23.09,0,0,OK,0,0,60.00
1266.95,23.09,0,0,OK,0,0,60.00
1267.46,23.09,0,0,OK,0,0,60.00
1267.96,23.09,0,0,OK,0,0,60.00
1268.47,23.09,0,0,OK,0,0,60.00
1268.98,23.09,0,0,OK,0,0,60.00
1269.49,23.08,0,0,OK,0,0,60.00
1270.00,23.09,0,0,OK,0,0,60.00
1270.51,23.08,0,0,OK,0,0,60.00
1271.01,23.08,0,0,OK,0,0,60.00
1271.52,23.08,0,0,OK,0,0,60.00
1272.03,23.08,0,0,OK,0,0,60.00
1272.54,23.08,0,0,OK,0,0,60.00
1273.04,23.08,0,0,OK,0,0,60.00
1273.55,23.08,0,0,OK,0,0,60.00
1274.06,23.08,0,0,OK,0,0,60.00
1274.57,23.08,0,0,OK,0,0,60.00
1275.08,23.08,0,0,OK,0,0,60.00
1275.58,23.07,0,0,OK,0,0,60.00
1276.09,23.08,0,0,OK,0,0,60.00
1276.60,23.07,0,0,OK,0,0,60.00
1277.11,23.08,0,0,OK,0,0,60.00
1277.62,23.07,0,0,OK,0,0,60.00
1278.12,23.07,0,0,OK,0,0,60.00
1278.63,23.07,0,0,OK,0,0,60.00
1279.14,23.07,0,0,OK,0,0,60.00
1279.65,23.07,0,0,OK,0,0,60.00
1280.15,23.07,0,0,OK,0,0,60.00
1280.66,23.07,0,0,OK,0,0,60.00
1281.17,23.07,0,0,OK,0,0,60.00
1281.68,23.07,0,0,OK,0,0,60.00
1282.19,23.07,0,0,OK,0,0,60.00
1282.69,23.07,0,0,OK,0,0,60.00
1283.20,23.07,0,0,OK,0,0,60.00
1283.71,23.07,0,0,OK,0,0,60.00
1284.22,23.07,0,0,OK,0,0,60.00
1284.72,23.07,0,0,OK,0,0,60.00
1285.23,23.07,0,0,OK,0,0,60.00
1285.74,23.07,0,0,OK,0,0,60.00
1286.25,23.07,0,0,OK,0,0,60.00
1286.76,23.07,0,0,OK,0,0,60.00
1287.27,23.07,0,0,OK,0,0,60.00
1287.77,23.07,0,0,OK,0,0,60.00
1288.28,23.07,0,0,OK,0,0,60.00
1288.79,23.07,0,0,OK,0,0,60.00
1289.30,23.07,0,0,OK,0,0,60.00
1289.80,23.07,0,0,OK,0,0,60.00
1290.31,23.07,0,0,OK,0,0,60.00
1290.82,23.07,0,0,OK,0,0,60.00
1291.33,23.07,0,0,OK,0,0,60.00
1291.84,23.07,0,0,OK,0,0,60.00
1292.34,23.07,0,0,OK,0,0,60.00
1292.85,23.07,0,0,OK,0,0,60.00
1293.36,23.07,0,0,OK,0,0,60.00
1293.87,23.07,0,0,OK,0,0,60.00
1294.37,23.07,0,0,OK,0,0,60.00
