case,max_error_to_analytic_C,max_dt_halving_difference_C
open_loop_H3,0.0038269890060007583,0.0019140407587627806
open_loop_C1,0.002342287039226676,0.0011714778524023473
P_Kp_0.25,0.00021264239969553955,0.00010635532039415807
P_Kp_0.5,0.0004253149972974768,0.00021273325974746626
P_Kp_1.0,0.0008507503877162037,0.0004255568664746079
P_Kp_2.0,0.0017019814556356039,0.0008514747747625506
P_Kp_4.0,0.0034058919848156677,0.0017043962585781003
P,,0.0008514747747625506
PI_overdamped,,0.0012165428202131068
PI_underdamped,,0.003395851741693434
